TimeStamp,TAG,Value
2020-01-02 00:00:00,DQO_REACTOR_BIO,433.7
2020-01-02 00:00:00,DQO_VERTIMIENTO,261.8
2020-01-03 00:00:00,DQO_REACTOR_BIO,883.5
2020-01-03 00:00:00,DQO_VERTIMIENTO,537.6
2020-01-04 00:00:00,DQO_REACTOR_BIO,894.7
2020-01-04 00:00:00,DQO_VERTIMIENTO,227.6
2020-01-05 00:00:00,DQO_REACTOR_BIO,773.7
2020-01-05 00:00:00,DQO_VERTIMIENTO,410.3
2020-01-08 00:00:00,DQO_REACTOR_BIO,674.5
2020-01-08 00:00:00,DQO_VERTIMIENTO,480.6
2020-01-09 00:00:00,DQO_REACTOR_BIO,579.8
2020-01-09 00:00:00,DQO_VERTIMIENTO,543.2
2020-01-10 00:00:00,DQO_REACTOR_BIO,984.4
2020-01-10 00:00:00,DQO_VERTIMIENTO,447.9
2020-01-11 00:00:00,DQO_REACTOR_BIO,471.0
2020-01-11 00:00:00,DQO_VERTIMIENTO,467.0
2020-01-15 00:00:00,DQO_REACTOR_BIO,661.5
2020-01-15 00:00:00,DQO_VERTIMIENTO,475.1
2020-01-16 00:00:00,DQO_REACTOR_BIO,872.3
2020-01-16 00:00:00,DQO_VERTIMIENTO,330.9
2020-01-18 00:00:00,DQO_REACTOR_BIO,716.9
2020-01-18 00:00:00,DQO_VERTIMIENTO,222.6
2020-01-19 00:00:00,DQO_REACTOR_BIO,673.2
2020-01-19 00:00:00,DQO_VERTIMIENTO,420.8
2020-01-21 00:00:00,DQO_REACTOR_BIO,777.0
2020-01-21 00:00:00,DQO_VERTIMIENTO,520.9
2020-01-23 00:00:00,DQO_REACTOR_BIO,859.0
2020-01-23 00:00:00,DQO_VERTIMIENTO,399.4
2020-01-24 00:00:00,DQO_REACTOR_BIO,774.7
2020-01-24 00:00:00,DQO_VERTIMIENTO,207.4
2020-01-25 00:00:00,DQO_REACTOR_BIO,971.6
2020-01-25 00:00:00,DQO_VERTIMIENTO,548.8
2020-01-28 00:00:00,DQO_REACTOR_BIO,556.0
2020-01-28 00:00:00,DQO_VERTIMIENTO,451.9
2020-01-29 00:00:00,DQO_REACTOR_BIO,1023.6
2020-01-29 00:00:00,DQO_VERTIMIENTO,460.8
2020-02-01 00:00:00,DQO_REACTOR_BIO,924.1
2020-02-01 00:00:00,DQO_VERTIMIENTO,209.0
2020-02-02 00:00:00,DQO_REACTOR_BIO,867.4
2020-02-02 00:00:00,DQO_VERTIMIENTO,327.8
2020-02-04 00:00:00,DQO_REACTOR_BIO,597.3
2020-02-04 00:00:00,DQO_VERTIMIENTO,400.8
2020-02-06 00:00:00,DQO_REACTOR_BIO,756.9
2020-02-06 00:00:00,DQO_VERTIMIENTO,452.5
2020-02-07 00:00:00,DQO_REACTOR_BIO,400.0
2020-02-07 00:00:00,DQO_VERTIMIENTO,450.6
2020-02-08 00:00:00,DQO_REACTOR_BIO,854.6
2020-02-08 00:00:00,DQO_VERTIMIENTO,605.1
2020-02-10 00:00:00,DQO_REACTOR_BIO,762.8
2020-02-10 00:00:00,DQO_VERTIMIENTO,392.9
2020-02-11 00:00:00,DQO_REACTOR_BIO,705.0
2020-02-11 00:00:00,DQO_VERTIMIENTO,482.7
2020-02-13 00:00:00,DQO_REACTOR_BIO,418.2
2020-02-13 00:00:00,DQO_VERTIMIENTO,380.4
2020-02-16 00:00:00,DQO_REACTOR_BIO,556.6
2020-02-16 00:00:00,DQO_VERTIMIENTO,341.6
2020-02-18 00:00:00,DQO_REACTOR_BIO,737.9
2020-02-18 00:00:00,DQO_VERTIMIENTO,366.1
2020-02-20 00:00:00,DQO_REACTOR_BIO,699.2
2020-02-20 00:00:00,DQO_VERTIMIENTO,511.7
2020-02-21 00:00:00,DQO_REACTOR_BIO,627.2
2020-02-21 00:00:00,DQO_VERTIMIENTO,547.3
2020-02-22 00:00:00,DQO_REACTOR_BIO,477.9
2020-02-22 00:00:00,DQO_VERTIMIENTO,361.1
2020-02-25 00:00:00,DQO_REACTOR_BIO,762.5
2020-02-25 00:00:00,DQO_VERTIMIENTO,458.4
2020-02-27 00:00:00,DQO_REACTOR_BIO,897.7
2020-02-27 00:00:00,DQO_VERTIMIENTO,412.2
2020-02-29 00:00:00,DQO_REACTOR_BIO,632.7
2020-02-29 00:00:00,DQO_VERTIMIENTO,222.9
2020-03-01 00:00:00,DQO_REACTOR_BIO,913.7
2020-03-01 00:00:00,DQO_VERTIMIENTO,180.0
2020-03-02 00:00:00,DQO_REACTOR_BIO,830.4
2020-03-02 00:00:00,DQO_VERTIMIENTO,497.3
2020-03-03 00:00:00,DQO_REACTOR_BIO,960.9
2020-03-03 00:00:00,DQO_VERTIMIENTO,534.7
2020-03-06 00:00:00,DQO_REACTOR_BIO,687.6
2020-03-06 00:00:00,DQO_VERTIMIENTO,504.0
2020-03-08 00:00:00,DQO_REACTOR_BIO,722.0
2020-03-08 00:00:00,DQO_VERTIMIENTO,443.1
2020-03-10 00:00:00,DQO_REACTOR_BIO,660.4
2020-03-10 00:00:00,DQO_VERTIMIENTO,330.5
2020-03-12 00:00:00,DQO_REACTOR_BIO,617.5
2020-03-12 00:00:00,DQO_VERTIMIENTO,483.7
2020-03-13 00:00:00,DQO_REACTOR_BIO,753.8
2020-03-13 00:00:00,DQO_VERTIMIENTO,356.4
2020-03-15 00:00:00,DQO_REACTOR_BIO,634.9
2020-03-15 00:00:00,DQO_VERTIMIENTO,343.9
2020-03-18 00:00:00,DQO_REACTOR_BIO,873.3
2020-03-18 00:00:00,DQO_VERTIMIENTO,326.6
2020-03-19 00:00:00,DQO_REACTOR_BIO,986.7
2020-03-19 00:00:00,DQO_VERTIMIENTO,546.3
2020-03-21 00:00:00,DQO_REACTOR_BIO,738.4
2020-03-21 00:00:00,DQO_VERTIMIENTO,614.3
2020-03-22 00:00:00,DQO_REACTOR_BIO,817.6
2020-03-22 00:00:00,DQO_VERTIMIENTO,471.7
2020-03-24 00:00:00,DQO_REACTOR_BIO,1050.0
2020-03-24 00:00:00,DQO_VERTIMIENTO,427.4
2020-03-25 00:00:00,DQO_REACTOR_BIO,902.7
2020-03-25 00:00:00,DQO_VERTIMIENTO,226.6
2020-03-26 00:00:00,DQO_REACTOR_BIO,500.9
2020-03-26 00:00:00,DQO_VERTIMIENTO,252.6
2020-03-27 00:00:00,DQO_REACTOR_BIO,587.8
2020-03-27 00:00:00,DQO_VERTIMIENTO,608.0
2020-03-31 00:00:00,DQO_REACTOR_BIO,777.0
2020-03-31 00:00:00,DQO_VERTIMIENTO,180.0
2020-04-01 00:00:00,DQO_REACTOR_BIO,1041.3
2020-04-01 00:00:00,DQO_VERTIMIENTO,557.8
2020-04-03 00:00:00,DQO_REACTOR_BIO,822.0
2020-04-03 00:00:00,DQO_VERTIMIENTO,230.2
2020-04-05 00:00:00,DQO_REACTOR_BIO,547.2
2020-04-05 00:00:00,DQO_VERTIMIENTO,371.9
2020-04-07 00:00:00,DQO_REACTOR_BIO,791.9
2020-04-07 00:00:00,DQO_VERTIMIENTO,327.0
2020-04-09 00:00:00,DQO_REACTOR_BIO,585.6
2020-04-09 00:00:00,DQO_VERTIMIENTO,317.7
2020-04-10 00:00:00,DQO_REACTOR_BIO,400.0
2020-04-10 00:00:00,DQO_VERTIMIENTO,357.2
2020-04-11 00:00:00,DQO_REACTOR_BIO,767.7
2020-04-11 00:00:00,DQO_VERTIMIENTO,376.9
2020-04-13 00:00:00,DQO_REACTOR_BIO,707.5
2020-04-13 00:00:00,DQO_VERTIMIENTO,180.0
2020-04-15 00:00:00,DQO_REACTOR_BIO,834.0
2020-04-15 00:00:00,DQO_VERTIMIENTO,259.5
2020-04-16 00:00:00,DQO_REACTOR_BIO,887.5
2020-04-16 00:00:00,DQO_VERTIMIENTO,402.1
2020-04-17 00:00:00,DQO_REACTOR_BIO,723.2
2020-04-17 00:00:00,DQO_VERTIMIENTO,451.8
2020-04-21 00:00:00,DQO_REACTOR_BIO,561.8
2020-04-21 00:00:00,DQO_VERTIMIENTO,180.0
2020-04-22 00:00:00,DQO_REACTOR_BIO,913.2
2020-04-22 00:00:00,DQO_VERTIMIENTO,249.6
2020-04-24 00:00:00,DQO_REACTOR_BIO,700.6
2020-04-24 00:00:00,DQO_VERTIMIENTO,427.5
2020-04-26 00:00:00,DQO_REACTOR_BIO,818.3
2020-04-26 00:00:00,DQO_VERTIMIENTO,184.4
2020-04-27 00:00:00,DQO_REACTOR_BIO,738.1
2020-04-27 00:00:00,DQO_VERTIMIENTO,730.2
2020-04-29 00:00:00,DQO_REACTOR_BIO,826.8
2020-04-29 00:00:00,DQO_VERTIMIENTO,441.2
2020-05-01 00:00:00,DQO_REACTOR_BIO,411.1
2020-05-01 00:00:00,DQO_VERTIMIENTO,403.8
2020-05-03 00:00:00,DQO_REACTOR_BIO,647.7
2020-05-03 00:00:00,DQO_VERTIMIENTO,534.2
2020-05-05 00:00:00,DQO_REACTOR_BIO,421.7
2020-05-05 00:00:00,DQO_VERTIMIENTO,605.6
2020-05-08 00:00:00,DQO_REACTOR_BIO,719.5
2020-05-08 00:00:00,DQO_VERTIMIENTO,416.7
2020-05-09 00:00:00,DQO_REACTOR_BIO,821.3
2020-05-09 00:00:00,DQO_VERTIMIENTO,412.4
2020-05-10 00:00:00,DQO_REACTOR_BIO,400.0
2020-05-10 00:00:00,DQO_VERTIMIENTO,566.9
2020-05-12 00:00:00,DQO_REACTOR_BIO,845.2
2020-05-12 00:00:00,DQO_VERTIMIENTO,180.0
2020-05-13 00:00:00,DQO_REACTOR_BIO,405.8
2020-05-13 00:00:00,DQO_VERTIMIENTO,296.4
2020-05-15 00:00:00,DQO_REACTOR_BIO,570.8
2020-05-15 00:00:00,DQO_VERTIMIENTO,180.0
2020-05-17 00:00:00,DQO_REACTOR_BIO,712.4
2020-05-17 00:00:00,DQO_VERTIMIENTO,180.0
2020-05-18 00:00:00,DQO_REACTOR_BIO,851.7
2020-05-18 00:00:00,DQO_VERTIMIENTO,554.3
2020-05-20 00:00:00,DQO_REACTOR_BIO,623.3
2020-05-20 00:00:00,DQO_VERTIMIENTO,535.6
2020-05-23 00:00:00,DQO_REACTOR_BIO,775.1
2020-05-23 00:00:00,DQO_VERTIMIENTO,552.4
2020-05-24 00:00:00,DQO_REACTOR_BIO,400.0
2020-05-24 00:00:00,DQO_VERTIMIENTO,303.4
2020-05-27 00:00:00,DQO_REACTOR_BIO,407.9
2020-05-27 00:00:00,DQO_VERTIMIENTO,396.2
2020-05-28 00:00:00,DQO_REACTOR_BIO,490.9
2020-05-28 00:00:00,DQO_VERTIMIENTO,180.0
2020-05-29 00:00:00,DQO_REACTOR_BIO,492.3
2020-05-29 00:00:00,DQO_VERTIMIENTO,372.2
2020-05-31 00:00:00,DQO_REACTOR_BIO,400.0
2020-05-31 00:00:00,DQO_VERTIMIENTO,429.1
2020-06-03 00:00:00,DQO_REACTOR_BIO,850.7
2020-06-03 00:00:00,DQO_VERTIMIENTO,553.2
2020-06-04 00:00:00,DQO_REACTOR_BIO,784.0
2020-06-04 00:00:00,DQO_VERTIMIENTO,390.2
2020-06-06 00:00:00,DQO_REACTOR_BIO,504.9
2020-06-06 00:00:00,DQO_VERTIMIENTO,396.9
2020-06-07 00:00:00,DQO_REACTOR_BIO,509.4
2020-06-07 00:00:00,DQO_VERTIMIENTO,408.2
2020-06-08 00:00:00,DQO_REACTOR_BIO,816.6
2020-06-08 00:00:00,DQO_VERTIMIENTO,218.8
2020-06-10 00:00:00,DQO_REACTOR_BIO,624.1
2020-06-10 00:00:00,DQO_VERTIMIENTO,571.2
2020-06-13 00:00:00,DQO_REACTOR_BIO,826.2
2020-06-13 00:00:00,DQO_VERTIMIENTO,434.1
2020-06-14 00:00:00,DQO_REACTOR_BIO,884.5
2020-06-14 00:00:00,DQO_VERTIMIENTO,249.7
2020-06-16 00:00:00,DQO_REACTOR_BIO,547.1
2020-06-16 00:00:00,DQO_VERTIMIENTO,347.0
2020-06-19 00:00:00,DQO_REACTOR_BIO,767.3
2020-06-19 00:00:00,DQO_VERTIMIENTO,290.9
2020-06-20 00:00:00,DQO_REACTOR_BIO,730.9
2020-06-20 00:00:00,DQO_VERTIMIENTO,560.4
2020-06-21 00:00:00,DQO_REACTOR_BIO,579.9
2020-06-21 00:00:00,DQO_VERTIMIENTO,388.0
2020-06-23 00:00:00,DQO_REACTOR_BIO,709.0
2020-06-23 00:00:00,DQO_VERTIMIENTO,450.8
2020-06-24 00:00:00,DQO_REACTOR_BIO,933.7
2020-06-24 00:00:00,DQO_VERTIMIENTO,329.9
2020-06-25 00:00:00,DQO_REACTOR_BIO,668.4
2020-06-25 00:00:00,DQO_VERTIMIENTO,237.7
2020-06-28 00:00:00,DQO_REACTOR_BIO,1050.0
2020-06-28 00:00:00,DQO_VERTIMIENTO,246.9
2020-06-29 00:00:00,DQO_REACTOR_BIO,562.6
2020-06-29 00:00:00,DQO_VERTIMIENTO,457.2
2020-06-30 00:00:00,DQO_REACTOR_BIO,536.7
2020-06-30 00:00:00,DQO_VERTIMIENTO,530.8
2020-07-02 00:00:00,DQO_REACTOR_BIO,717.4
2020-07-02 00:00:00,DQO_VERTIMIENTO,190.3
2020-07-03 00:00:00,DQO_REACTOR_BIO,511.8
2020-07-03 00:00:00,DQO_VERTIMIENTO,216.5
2020-07-06 00:00:00,DQO_REACTOR_BIO,747.2
2020-07-06 00:00:00,DQO_VERTIMIENTO,522.5
2020-07-07 00:00:00,DQO_REACTOR_BIO,400.0
2020-07-07 00:00:00,DQO_VERTIMIENTO,215.4
2020-07-10 00:00:00,DQO_REACTOR_BIO,864.8
2020-07-10 00:00:00,DQO_VERTIMIENTO,284.6
2020-07-11 00:00:00,DQO_REACTOR_BIO,590.0
2020-07-11 00:00:00,DQO_VERTIMIENTO,496.3
2020-07-13 00:00:00,DQO_REACTOR_BIO,894.5
2020-07-13 00:00:00,DQO_VERTIMIENTO,246.0
2020-07-14 00:00:00,DQO_REACTOR_BIO,525.7
2020-07-14 00:00:00,DQO_VERTIMIENTO,389.6
2020-07-15 00:00:00,DQO_REACTOR_BIO,400.0
2020-07-15 00:00:00,DQO_VERTIMIENTO,241.7
2020-07-17 00:00:00,DQO_REACTOR_BIO,910.4
2020-07-17 00:00:00,DQO_VERTIMIENTO,500.6
2020-07-20 00:00:00,DQO_REACTOR_BIO,651.2
2020-07-20 00:00:00,DQO_VERTIMIENTO,419.4
2020-07-21 00:00:00,DQO_REACTOR_BIO,718.9
2020-07-21 00:00:00,DQO_VERTIMIENTO,196.8
2020-07-22 00:00:00,DQO_REACTOR_BIO,489.8
2020-07-22 00:00:00,DQO_VERTIMIENTO,463.1
2020-07-23 00:00:00,DQO_REACTOR_BIO,773.9
2020-07-23 00:00:00,DQO_VERTIMIENTO,442.5
2020-07-28 00:00:00,DQO_REACTOR_BIO,990.3
2020-07-28 00:00:00,DQO_VERTIMIENTO,217.5
2020-07-30 00:00:00,DQO_REACTOR_BIO,754.1
2020-07-30 00:00:00,DQO_VERTIMIENTO,581.0
2020-07-31 00:00:00,DQO_REACTOR_BIO,796.2
2020-07-31 00:00:00,DQO_VERTIMIENTO,433.7
2020-08-01 00:00:00,DQO_REACTOR_BIO,725.6
2020-08-01 00:00:00,DQO_VERTIMIENTO,314.0
2020-08-03 00:00:00,DQO_REACTOR_BIO,400.0
2020-08-03 00:00:00,DQO_VERTIMIENTO,192.1
2020-08-04 00:00:00,DQO_REACTOR_BIO,670.1
2020-08-04 00:00:00,DQO_VERTIMIENTO,490.3
2020-08-05 00:00:00,DQO_REACTOR_BIO,665.3
2020-08-05 00:00:00,DQO_VERTIMIENTO,408.4
2020-08-06 00:00:00,DQO_REACTOR_BIO,789.6
2020-08-06 00:00:00,DQO_VERTIMIENTO,577.0
2020-08-12 00:00:00,DQO_REACTOR_BIO,628.9
2020-08-12 00:00:00,DQO_VERTIMIENTO,448.0
2020-08-13 00:00:00,DQO_REACTOR_BIO,590.9
2020-08-13 00:00:00,DQO_VERTIMIENTO,381.3
2020-08-14 00:00:00,DQO_REACTOR_BIO,678.6
2020-08-14 00:00:00,DQO_VERTIMIENTO,322.0
2020-08-16 00:00:00,DQO_REACTOR_BIO,611.3
2020-08-16 00:00:00,DQO_VERTIMIENTO,495.1
2020-08-18 00:00:00,DQO_REACTOR_BIO,544.8
2020-08-18 00:00:00,DQO_VERTIMIENTO,366.0
2020-08-20 00:00:00,DQO_REACTOR_BIO,588.3
2020-08-20 00:00:00,DQO_VERTIMIENTO,443.7
2020-08-21 00:00:00,DQO_REACTOR_BIO,457.9
2020-08-21 00:00:00,DQO_VERTIMIENTO,689.1
2020-08-22 00:00:00,DQO_REACTOR_BIO,1050.0
2020-08-22 00:00:00,DQO_VERTIMIENTO,505.8
2020-08-25 00:00:00,DQO_REACTOR_BIO,617.9
2020-08-25 00:00:00,DQO_VERTIMIENTO,501.4
2020-08-27 00:00:00,DQO_REACTOR_BIO,626.2
2020-08-27 00:00:00,DQO_VERTIMIENTO,371.0
2020-08-29 00:00:00,DQO_REACTOR_BIO,780.0
2020-08-29 00:00:00,DQO_VERTIMIENTO,312.4
2020-08-30 00:00:00,DQO_REACTOR_BIO,610.4
2020-08-30 00:00:00,DQO_VERTIMIENTO,196.9
2020-09-01 00:00:00,DQO_REACTOR_BIO,642.4
2020-09-01 00:00:00,DQO_VERTIMIENTO,271.1
2020-09-02 00:00:00,DQO_REACTOR_BIO,588.1
2020-09-02 00:00:00,DQO_VERTIMIENTO,362.3
2020-09-04 00:00:00,DQO_REACTOR_BIO,689.9
2020-09-04 00:00:00,DQO_VERTIMIENTO,234.0
2020-09-06 00:00:00,DQO_REACTOR_BIO,718.8
2020-09-06 00:00:00,DQO_VERTIMIENTO,395.3
2020-09-08 00:00:00,DQO_REACTOR_BIO,691.9
2020-09-08 00:00:00,DQO_VERTIMIENTO,300.5
2020-09-10 00:00:00,DQO_REACTOR_BIO,400.0
2020-09-10 00:00:00,DQO_VERTIMIENTO,334.8
2020-09-12 00:00:00,DQO_REACTOR_BIO,636.6
2020-09-12 00:00:00,DQO_VERTIMIENTO,517.4
2020-09-13 00:00:00,DQO_REACTOR_BIO,901.6
2020-09-13 00:00:00,DQO_VERTIMIENTO,532.2
2020-09-14 00:00:00,DQO_REACTOR_BIO,639.3
2020-09-14 00:00:00,DQO_VERTIMIENTO,294.6
2020-09-16 00:00:00,DQO_REACTOR_BIO,788.5
2020-09-16 00:00:00,DQO_VERTIMIENTO,413.2
2020-09-18 00:00:00,DQO_REACTOR_BIO,631.9
2020-09-18 00:00:00,DQO_VERTIMIENTO,387.5
2020-09-19 00:00:00,DQO_REACTOR_BIO,524.4
2020-09-19 00:00:00,DQO_VERTIMIENTO,636.1
2020-09-21 00:00:00,DQO_REACTOR_BIO,777.0
2020-09-21 00:00:00,DQO_VERTIMIENTO,610.4
2020-09-24 00:00:00,DQO_REACTOR_BIO,752.0
2020-09-24 00:00:00,DQO_VERTIMIENTO,384.2
2020-09-25 00:00:00,DQO_REACTOR_BIO,455.8
2020-09-25 00:00:00,DQO_VERTIMIENTO,443.8
2020-09-26 00:00:00,DQO_REACTOR_BIO,506.1
2020-09-26 00:00:00,DQO_VERTIMIENTO,344.9
2020-09-28 00:00:00,DQO_REACTOR_BIO,930.0
2020-09-28 00:00:00,DQO_VERTIMIENTO,616.5
2020-10-01 00:00:00,DQO_REACTOR_BIO,590.4
2020-10-01 00:00:00,DQO_VERTIMIENTO,180.0
2020-10-02 00:00:00,DQO_REACTOR_BIO,554.0
2020-10-02 00:00:00,DQO_VERTIMIENTO,247.0
2020-10-04 00:00:00,DQO_REACTOR_BIO,700.7
2020-10-04 00:00:00,DQO_VERTIMIENTO,724.6
2020-10-06 00:00:00,DQO_REACTOR_BIO,426.6
2020-10-06 00:00:00,DQO_VERTIMIENTO,441.9
2020-10-09 00:00:00,DQO_REACTOR_BIO,597.0
2020-10-09 00:00:00,DQO_VERTIMIENTO,299.3
2020-10-10 00:00:00,DQO_REACTOR_BIO,799.3
2020-10-10 00:00:00,DQO_VERTIMIENTO,478.1
2020-10-11 00:00:00,DQO_REACTOR_BIO,667.9
2020-10-11 00:00:00,DQO_VERTIMIENTO,554.4
2020-10-13 00:00:00,DQO_REACTOR_BIO,709.7
2020-10-13 00:00:00,DQO_VERTIMIENTO,512.7
2020-10-15 00:00:00,DQO_REACTOR_BIO,400.0
2020-10-15 00:00:00,DQO_VERTIMIENTO,421.9
2020-10-16 00:00:00,DQO_REACTOR_BIO,1050.0
2020-10-16 00:00:00,DQO_VERTIMIENTO,761.1
2020-10-17 00:00:00,DQO_REACTOR_BIO,609.9
2020-10-17 00:00:00,DQO_VERTIMIENTO,377.7
2020-10-19 00:00:00,DQO_REACTOR_BIO,523.9
2020-10-19 00:00:00,DQO_VERTIMIENTO,451.5
2020-10-20 00:00:00,DQO_REACTOR_BIO,508.9
2020-10-20 00:00:00,DQO_VERTIMIENTO,582.0
2020-10-22 00:00:00,DQO_REACTOR_BIO,562.9
2020-10-22 00:00:00,DQO_VERTIMIENTO,291.9
2020-10-24 00:00:00,DQO_REACTOR_BIO,603.3
2020-10-24 00:00:00,DQO_VERTIMIENTO,271.1
2020-10-26 00:00:00,DQO_REACTOR_BIO,714.3
2020-10-26 00:00:00,DQO_VERTIMIENTO,220.1
2020-10-27 00:00:00,DQO_REACTOR_BIO,885.6
2020-10-27 00:00:00,DQO_VERTIMIENTO,438.7
2020-10-30 00:00:00,DQO_REACTOR_BIO,637.9
2020-10-30 00:00:00,DQO_VERTIMIENTO,398.9
2020-10-31 00:00:00,DQO_REACTOR_BIO,675.9
2020-10-31 00:00:00,DQO_VERTIMIENTO,452.0
2020-11-03 00:00:00,DQO_REACTOR_BIO,753.7
2020-11-03 00:00:00,DQO_VERTIMIENTO,180.0
2020-11-05 00:00:00,DQO_REACTOR_BIO,807.7
2020-11-05 00:00:00,DQO_VERTIMIENTO,354.1
2020-11-06 00:00:00,DQO_REACTOR_BIO,527.8
2020-11-06 00:00:00,DQO_VERTIMIENTO,536.1
2020-11-08 00:00:00,DQO_REACTOR_BIO,400.0
2020-11-08 00:00:00,DQO_VERTIMIENTO,412.3
2020-11-11 00:00:00,DQO_REACTOR_BIO,687.2
2020-11-11 00:00:00,DQO_VERTIMIENTO,342.3
2020-11-13 00:00:00,DQO_REACTOR_BIO,686.9
2020-11-13 00:00:00,DQO_VERTIMIENTO,545.2
2020-11-14 00:00:00,DQO_REACTOR_BIO,554.3
2020-11-14 00:00:00,DQO_VERTIMIENTO,397.0
2020-11-15 00:00:00,DQO_REACTOR_BIO,744.1
2020-11-15 00:00:00,DQO_VERTIMIENTO,370.0
2020-11-16 00:00:00,DQO_REACTOR_BIO,594.9
2020-11-16 00:00:00,DQO_VERTIMIENTO,422.4
2020-11-17 00:00:00,DQO_REACTOR_BIO,624.8
2020-11-17 00:00:00,DQO_VERTIMIENTO,309.3
2020-11-20 00:00:00,DQO_REACTOR_BIO,672.4
2020-11-20 00:00:00,DQO_VERTIMIENTO,402.0
2020-11-22 00:00:00,DQO_REACTOR_BIO,518.1
2020-11-22 00:00:00,DQO_VERTIMIENTO,505.7
2020-11-23 00:00:00,DQO_REACTOR_BIO,752.2
2020-11-23 00:00:00,DQO_VERTIMIENTO,534.8
2020-11-24 00:00:00,DQO_REACTOR_BIO,559.0
2020-11-24 00:00:00,DQO_VERTIMIENTO,578.8
2020-11-26 00:00:00,DQO_REACTOR_BIO,672.0
2020-11-26 00:00:00,DQO_VERTIMIENTO,489.3
2020-11-28 00:00:00,DQO_REACTOR_BIO,701.3
2020-11-28 00:00:00,DQO_VERTIMIENTO,601.9
2020-12-02 00:00:00,DQO_REACTOR_BIO,1010.2
2020-12-02 00:00:00,DQO_VERTIMIENTO,466.2
2020-12-03 00:00:00,DQO_REACTOR_BIO,783.9
2020-12-03 00:00:00,DQO_VERTIMIENTO,180.0
2020-12-05 00:00:00,DQO_REACTOR_BIO,792.5
2020-12-05 00:00:00,DQO_VERTIMIENTO,266.3
2020-12-06 00:00:00,DQO_REACTOR_BIO,565.7
2020-12-06 00:00:00,DQO_VERTIMIENTO,595.5
2020-12-08 00:00:00,DQO_REACTOR_BIO,508.1
2020-12-08 00:00:00,DQO_VERTIMIENTO,484.1
2020-12-09 00:00:00,DQO_REACTOR_BIO,799.0
2020-12-09 00:00:00,DQO_VERTIMIENTO,538.0
2020-12-11 00:00:00,DQO_REACTOR_BIO,901.2
2020-12-11 00:00:00,DQO_VERTIMIENTO,437.6
2020-12-12 00:00:00,DQO_REACTOR_BIO,696.7
2020-12-12 00:00:00,DQO_VERTIMIENTO,625.0
2020-12-15 00:00:00,DQO_REACTOR_BIO,522.1
2020-12-15 00:00:00,DQO_VERTIMIENTO,272.2
2020-12-17 00:00:00,DQO_REACTOR_BIO,626.1
2020-12-17 00:00:00,DQO_VERTIMIENTO,431.6
2020-12-18 00:00:00,DQO_REACTOR_BIO,755.6
2020-12-18 00:00:00,DQO_VERTIMIENTO,340.9
2020-12-19 00:00:00,DQO_REACTOR_BIO,675.8
2020-12-19 00:00:00,DQO_VERTIMIENTO,378.3
2020-12-21 00:00:00,DQO_REACTOR_BIO,937.8
2020-12-21 00:00:00,DQO_VERTIMIENTO,353.0
2020-12-22 00:00:00,DQO_REACTOR_BIO,512.5
2020-12-22 00:00:00,DQO_VERTIMIENTO,385.4
2020-12-23 00:00:00,DQO_REACTOR_BIO,944.6
2020-12-23 00:00:00,DQO_VERTIMIENTO,387.2
2020-12-25 00:00:00,DQO_REACTOR_BIO,400.0
2020-12-25 00:00:00,DQO_VERTIMIENTO,628.3
2020-12-28 00:00:00,DQO_REACTOR_BIO,1050.0
2020-12-28 00:00:00,DQO_VERTIMIENTO,237.6
2020-12-30 00:00:00,DQO_REACTOR_BIO,691.8
2020-12-30 00:00:00,DQO_VERTIMIENTO,180.0
2020-12-31 00:00:00,DQO_REACTOR_BIO,634.3
2020-12-31 00:00:00,DQO_VERTIMIENTO,378.2
2021-01-01 00:00:00,DQO_REACTOR_BIO,900.2
2021-01-01 00:00:00,DQO_VERTIMIENTO,434.4
2021-01-04 00:00:00,DQO_REACTOR_BIO,402.0
2021-01-04 00:00:00,DQO_VERTIMIENTO,368.3
2021-01-06 00:00:00,DQO_REACTOR_BIO,687.2
2021-01-06 00:00:00,DQO_VERTIMIENTO,243.0
2021-01-09 00:00:00,DQO_REACTOR_BIO,400.0
2021-01-09 00:00:00,DQO_VERTIMIENTO,447.7
2021-01-10 00:00:00,DQO_REACTOR_BIO,733.9
2021-01-10 00:00:00,DQO_VERTIMIENTO,358.0
2021-01-11 00:00:00,DQO_REACTOR_BIO,835.2
2021-01-11 00:00:00,DQO_VERTIMIENTO,445.1
2021-01-13 00:00:00,DQO_REACTOR_BIO,569.5
2021-01-13 00:00:00,DQO_VERTIMIENTO,439.2
2021-01-14 00:00:00,DQO_REACTOR_BIO,400.0
2021-01-14 00:00:00,DQO_VERTIMIENTO,494.1
2021-01-17 00:00:00,DQO_REACTOR_BIO,932.2
2021-01-17 00:00:00,DQO_VERTIMIENTO,594.5
2021-01-19 00:00:00,DQO_REACTOR_BIO,593.7
2021-01-19 00:00:00,DQO_VERTIMIENTO,568.7
2021-01-21 00:00:00,DQO_REACTOR_BIO,705.0
2021-01-21 00:00:00,DQO_VERTIMIENTO,645.8
2021-01-23 00:00:00,DQO_REACTOR_BIO,614.5
2021-01-23 00:00:00,DQO_VERTIMIENTO,180.0
2021-01-24 00:00:00,DQO_REACTOR_BIO,446.1
2021-01-24 00:00:00,DQO_VERTIMIENTO,500.1
2021-01-26 00:00:00,DQO_REACTOR_BIO,838.1
2021-01-26 00:00:00,DQO_VERTIMIENTO,313.8
2021-01-28 00:00:00,DQO_REACTOR_BIO,686.8
2021-01-28 00:00:00,DQO_VERTIMIENTO,586.2
2021-01-29 00:00:00,DQO_REACTOR_BIO,475.5
2021-01-29 00:00:00,DQO_VERTIMIENTO,421.4
2021-01-31 00:00:00,DQO_REACTOR_BIO,716.3
2021-01-31 00:00:00,DQO_VERTIMIENTO,423.8
2021-02-02 00:00:00,DQO_REACTOR_BIO,793.9
2021-02-02 00:00:00,DQO_VERTIMIENTO,389.2
2021-02-03 00:00:00,DQO_REACTOR_BIO,893.5
2021-02-03 00:00:00,DQO_VERTIMIENTO,213.3
2021-02-04 00:00:00,DQO_REACTOR_BIO,827.7
2021-02-04 00:00:00,DQO_VERTIMIENTO,282.1
2021-02-05 00:00:00,DQO_REACTOR_BIO,719.6
2021-02-05 00:00:00,DQO_VERTIMIENTO,562.8
2021-02-10 00:00:00,DQO_REACTOR_BIO,733.3
2021-02-10 00:00:00,DQO_VERTIMIENTO,393.4
2021-02-12 00:00:00,DQO_REACTOR_BIO,837.1
2021-02-12 00:00:00,DQO_VERTIMIENTO,429.3
2021-02-13 00:00:00,DQO_REACTOR_BIO,555.7
2021-02-13 00:00:00,DQO_VERTIMIENTO,385.5
2021-02-14 00:00:00,DQO_REACTOR_BIO,585.4
2021-02-14 00:00:00,DQO_VERTIMIENTO,479.7
2021-02-15 00:00:00,DQO_REACTOR_BIO,572.0
2021-02-15 00:00:00,DQO_VERTIMIENTO,225.9
2021-02-17 00:00:00,DQO_REACTOR_BIO,624.7
2021-02-17 00:00:00,DQO_VERTIMIENTO,257.7
2021-02-18 00:00:00,DQO_REACTOR_BIO,695.2
2021-02-18 00:00:00,DQO_VERTIMIENTO,381.4
2021-02-21 00:00:00,DQO_REACTOR_BIO,714.7
2021-02-21 00:00:00,DQO_VERTIMIENTO,561.4
2021-02-23 00:00:00,DQO_REACTOR_BIO,709.6
2021-02-23 00:00:00,DQO_VERTIMIENTO,322.4
2021-02-24 00:00:00,DQO_REACTOR_BIO,505.5
2021-02-24 00:00:00,DQO_VERTIMIENTO,465.1
2021-02-25 00:00:00,DQO_REACTOR_BIO,882.1
2021-02-25 00:00:00,DQO_VERTIMIENTO,387.9
2021-02-27 00:00:00,DQO_REACTOR_BIO,786.4
2021-02-27 00:00:00,DQO_VERTIMIENTO,357.2
2021-03-01 00:00:00,DQO_REACTOR_BIO,938.1
2021-03-01 00:00:00,DQO_VERTIMIENTO,519.1
2021-03-02 00:00:00,DQO_REACTOR_BIO,713.0
2021-03-02 00:00:00,DQO_VERTIMIENTO,304.8
2021-03-06 00:00:00,DQO_REACTOR_BIO,712.6
2021-03-06 00:00:00,DQO_VERTIMIENTO,604.0
2021-03-07 00:00:00,DQO_REACTOR_BIO,641.1
2021-03-07 00:00:00,DQO_VERTIMIENTO,388.1
2021-03-08 00:00:00,DQO_REACTOR_BIO,742.5
2021-03-08 00:00:00,DQO_VERTIMIENTO,208.6
2021-03-09 00:00:00,DQO_REACTOR_BIO,621.9
2021-03-09 00:00:00,DQO_VERTIMIENTO,408.3
2021-03-11 00:00:00,DQO_REACTOR_BIO,745.6
2021-03-11 00:00:00,DQO_VERTIMIENTO,218.8
2021-03-13 00:00:00,DQO_REACTOR_BIO,521.6
2021-03-13 00:00:00,DQO_VERTIMIENTO,180.0
2021-03-16 00:00:00,DQO_REACTOR_BIO,813.0
2021-03-16 00:00:00,DQO_VERTIMIENTO,466.0
2021-03-17 00:00:00,DQO_REACTOR_BIO,692.1
2021-03-17 00:00:00,DQO_VERTIMIENTO,588.4
2021-03-19 00:00:00,DQO_REACTOR_BIO,1050.0
2021-03-19 00:00:00,DQO_VERTIMIENTO,637.7
2021-03-20 00:00:00,DQO_REACTOR_BIO,748.3
2021-03-20 00:00:00,DQO_VERTIMIENTO,477.5
2021-03-23 00:00:00,DQO_REACTOR_BIO,609.7
2021-03-23 00:00:00,DQO_VERTIMIENTO,267.6
2021-03-25 00:00:00,DQO_REACTOR_BIO,666.7
2021-03-25 00:00:00,DQO_VERTIMIENTO,461.3
2021-03-26 00:00:00,DQO_REACTOR_BIO,814.4
2021-03-26 00:00:00,DQO_VERTIMIENTO,474.9
2021-03-27 00:00:00,DQO_REACTOR_BIO,469.5
2021-03-27 00:00:00,DQO_VERTIMIENTO,780.0
2021-03-30 00:00:00,DQO_REACTOR_BIO,528.8
2021-03-30 00:00:00,DQO_VERTIMIENTO,282.8
2021-04-01 00:00:00,DQO_REACTOR_BIO,1050.0
2021-04-01 00:00:00,DQO_VERTIMIENTO,180.0
2021-04-02 00:00:00,DQO_REACTOR_BIO,589.8
2021-04-02 00:00:00,DQO_VERTIMIENTO,298.6
2021-04-03 00:00:00,DQO_REACTOR_BIO,578.8
2021-04-03 00:00:00,DQO_VERTIMIENTO,468.4
2021-04-05 00:00:00,DQO_REACTOR_BIO,628.2
2021-04-05 00:00:00,DQO_VERTIMIENTO,429.1
2021-04-06 00:00:00,DQO_REACTOR_BIO,744.5
2021-04-06 00:00:00,DQO_VERTIMIENTO,430.8
2021-04-08 00:00:00,DQO_REACTOR_BIO,608.7
2021-04-08 00:00:00,DQO_VERTIMIENTO,215.3
2021-04-11 00:00:00,DQO_REACTOR_BIO,746.9
2021-04-11 00:00:00,DQO_VERTIMIENTO,405.0
2021-04-12 00:00:00,DQO_REACTOR_BIO,595.2
2021-04-12 00:00:00,DQO_VERTIMIENTO,517.4
2021-04-13 00:00:00,DQO_REACTOR_BIO,680.8
2021-04-13 00:00:00,DQO_VERTIMIENTO,481.6
2021-04-16 00:00:00,DQO_REACTOR_BIO,768.1
2021-04-16 00:00:00,DQO_VERTIMIENTO,780.0
2021-04-18 00:00:00,DQO_REACTOR_BIO,793.6
2021-04-18 00:00:00,DQO_VERTIMIENTO,582.5
2021-04-21 00:00:00,DQO_REACTOR_BIO,535.3
2021-04-21 00:00:00,DQO_VERTIMIENTO,358.9
2021-04-22 00:00:00,DQO_REACTOR_BIO,759.2
2021-04-22 00:00:00,DQO_VERTIMIENTO,352.0
2021-04-23 00:00:00,DQO_REACTOR_BIO,721.3
2021-04-23 00:00:00,DQO_VERTIMIENTO,398.9
2021-04-24 00:00:00,DQO_REACTOR_BIO,541.2
2021-04-24 00:00:00,DQO_VERTIMIENTO,418.2
2021-04-26 00:00:00,DQO_REACTOR_BIO,659.2
2021-04-26 00:00:00,DQO_VERTIMIENTO,362.4
2021-04-28 00:00:00,DQO_REACTOR_BIO,534.1
2021-04-28 00:00:00,DQO_VERTIMIENTO,435.2
2021-04-29 00:00:00,DQO_REACTOR_BIO,887.6
2021-04-29 00:00:00,DQO_VERTIMIENTO,480.6
2021-05-02 00:00:00,DQO_REACTOR_BIO,809.7
2021-05-02 00:00:00,DQO_VERTIMIENTO,388.7
2021-05-03 00:00:00,DQO_REACTOR_BIO,984.9
2021-05-03 00:00:00,DQO_VERTIMIENTO,311.5
2021-05-04 00:00:00,DQO_REACTOR_BIO,652.9
2021-05-04 00:00:00,DQO_VERTIMIENTO,467.2
2021-05-06 00:00:00,DQO_REACTOR_BIO,497.1
2021-05-06 00:00:00,DQO_VERTIMIENTO,180.0
2021-05-09 00:00:00,DQO_REACTOR_BIO,702.9
2021-05-09 00:00:00,DQO_VERTIMIENTO,574.8
2021-05-10 00:00:00,DQO_REACTOR_BIO,713.3
2021-05-10 00:00:00,DQO_VERTIMIENTO,624.9
2021-05-13 00:00:00,DQO_REACTOR_BIO,703.1
2021-05-13 00:00:00,DQO_VERTIMIENTO,780.0
2021-05-14 00:00:00,DQO_REACTOR_BIO,533.1
2021-05-14 00:00:00,DQO_VERTIMIENTO,332.2
2021-05-15 00:00:00,DQO_REACTOR_BIO,609.1
2021-05-15 00:00:00,DQO_VERTIMIENTO,191.5
2021-05-17 00:00:00,DQO_REACTOR_BIO,420.9
2021-05-17 00:00:00,DQO_VERTIMIENTO,472.2
2021-05-19 00:00:00,DQO_REACTOR_BIO,886.3
2021-05-19 00:00:00,DQO_VERTIMIENTO,587.9
2021-05-21 00:00:00,DQO_REACTOR_BIO,730.2
2021-05-21 00:00:00,DQO_VERTIMIENTO,448.7
2021-05-22 00:00:00,DQO_REACTOR_BIO,648.1
2021-05-22 00:00:00,DQO_VERTIMIENTO,579.2
2021-05-25 00:00:00,DQO_REACTOR_BIO,498.2
2021-05-25 00:00:00,DQO_VERTIMIENTO,594.5
2021-05-26 00:00:00,DQO_REACTOR_BIO,698.4
2021-05-26 00:00:00,DQO_VERTIMIENTO,399.8
2021-05-27 00:00:00,DQO_REACTOR_BIO,559.5
2021-05-27 00:00:00,DQO_VERTIMIENTO,523.1
2021-05-29 00:00:00,DQO_REACTOR_BIO,574.0
2021-05-29 00:00:00,DQO_VERTIMIENTO,537.0
2021-06-03 00:00:00,DQO_REACTOR_BIO,878.9
2021-06-03 00:00:00,DQO_VERTIMIENTO,310.3
2021-06-04 00:00:00,DQO_REACTOR_BIO,633.1
2021-06-04 00:00:00,DQO_VERTIMIENTO,331.0
2021-06-05 00:00:00,DQO_REACTOR_BIO,828.4
2021-06-05 00:00:00,DQO_VERTIMIENTO,543.6
2021-06-06 00:00:00,DQO_REACTOR_BIO,960.6
2021-06-06 00:00:00,DQO_VERTIMIENTO,243.8
2021-06-10 00:00:00,DQO_REACTOR_BIO,1050.0
2021-06-10 00:00:00,DQO_VERTIMIENTO,352.8
2021-06-11 00:00:00,DQO_REACTOR_BIO,905.4
2021-06-11 00:00:00,DQO_VERTIMIENTO,444.5
2021-06-12 00:00:00,DQO_REACTOR_BIO,467.6
2021-06-12 00:00:00,DQO_VERTIMIENTO,255.3
2021-06-13 00:00:00,DQO_REACTOR_BIO,609.0
2021-06-13 00:00:00,DQO_VERTIMIENTO,301.4
2021-06-14 00:00:00,DQO_REACTOR_BIO,1050.0
2021-06-14 00:00:00,DQO_VERTIMIENTO,608.3
2021-06-17 00:00:00,DQO_REACTOR_BIO,530.6
2021-06-17 00:00:00,DQO_VERTIMIENTO,436.6
2021-06-19 00:00:00,DQO_REACTOR_BIO,624.0
2021-06-19 00:00:00,DQO_VERTIMIENTO,386.6
2021-06-20 00:00:00,DQO_REACTOR_BIO,535.3
2021-06-20 00:00:00,DQO_VERTIMIENTO,423.0
2021-06-21 00:00:00,DQO_REACTOR_BIO,866.0
2021-06-21 00:00:00,DQO_VERTIMIENTO,347.1
2021-06-23 00:00:00,DQO_REACTOR_BIO,708.7
2021-06-23 00:00:00,DQO_VERTIMIENTO,222.9
2021-06-24 00:00:00,DQO_REACTOR_BIO,612.2
2021-06-24 00:00:00,DQO_VERTIMIENTO,346.2
2021-06-26 00:00:00,DQO_REACTOR_BIO,442.5
2021-06-26 00:00:00,DQO_VERTIMIENTO,524.4
2021-06-28 00:00:00,DQO_REACTOR_BIO,802.4
2021-06-28 00:00:00,DQO_VERTIMIENTO,285.3
2021-06-30 00:00:00,DQO_REACTOR_BIO,466.3
2021-06-30 00:00:00,DQO_VERTIMIENTO,535.5
2021-07-03 00:00:00,DQO_REACTOR_BIO,704.2
2021-07-03 00:00:00,DQO_VERTIMIENTO,343.5
2021-07-04 00:00:00,DQO_REACTOR_BIO,786.0
2021-07-04 00:00:00,DQO_VERTIMIENTO,352.8
2021-07-05 00:00:00,DQO_REACTOR_BIO,561.9
2021-07-05 00:00:00,DQO_VERTIMIENTO,180.0
2021-07-09 00:00:00,DQO_REACTOR_BIO,981.4
2021-07-09 00:00:00,DQO_VERTIMIENTO,540.9
2021-07-10 00:00:00,DQO_REACTOR_BIO,701.4
2021-07-10 00:00:00,DQO_VERTIMIENTO,302.6
2021-07-11 00:00:00,DQO_REACTOR_BIO,596.3
2021-07-11 00:00:00,DQO_VERTIMIENTO,527.3
2021-07-13 00:00:00,DQO_REACTOR_BIO,878.7
2021-07-13 00:00:00,DQO_VERTIMIENTO,517.8
2021-07-16 00:00:00,DQO_REACTOR_BIO,823.8
2021-07-16 00:00:00,DQO_VERTIMIENTO,507.7
2021-07-17 00:00:00,DQO_REACTOR_BIO,1050.0
2021-07-17 00:00:00,DQO_VERTIMIENTO,585.6
2021-07-18 00:00:00,DQO_REACTOR_BIO,769.8
2021-07-18 00:00:00,DQO_VERTIMIENTO,404.2
2021-07-19 00:00:00,DQO_REACTOR_BIO,811.2
2021-07-19 00:00:00,DQO_VERTIMIENTO,452.7
2021-07-21 00:00:00,DQO_REACTOR_BIO,941.2
2021-07-21 00:00:00,DQO_VERTIMIENTO,384.7
2021-07-23 00:00:00,DQO_REACTOR_BIO,910.2
2021-07-23 00:00:00,DQO_VERTIMIENTO,324.2
2021-07-24 00:00:00,DQO_REACTOR_BIO,640.3
2021-07-24 00:00:00,DQO_VERTIMIENTO,262.8
2021-07-27 00:00:00,DQO_REACTOR_BIO,606.8
2021-07-27 00:00:00,DQO_VERTIMIENTO,180.0
2021-07-28 00:00:00,DQO_REACTOR_BIO,818.2
2021-07-28 00:00:00,DQO_VERTIMIENTO,654.0
2021-07-29 00:00:00,DQO_REACTOR_BIO,899.4
2021-07-29 00:00:00,DQO_VERTIMIENTO,391.2
2021-07-30 00:00:00,DQO_REACTOR_BIO,552.7
2021-07-30 00:00:00,DQO_VERTIMIENTO,385.3
2021-08-04 00:00:00,DQO_REACTOR_BIO,846.5
2021-08-04 00:00:00,DQO_VERTIMIENTO,503.7
2021-08-05 00:00:00,DQO_REACTOR_BIO,632.9
2021-08-05 00:00:00,DQO_VERTIMIENTO,547.3
2021-08-07 00:00:00,DQO_REACTOR_BIO,1022.7
2021-08-07 00:00:00,DQO_VERTIMIENTO,264.8
2021-08-08 00:00:00,DQO_REACTOR_BIO,988.6
2021-08-08 00:00:00,DQO_VERTIMIENTO,725.4
2021-08-10 00:00:00,DQO_REACTOR_BIO,876.2
2021-08-10 00:00:00,DQO_VERTIMIENTO,412.7
2021-08-12 00:00:00,DQO_REACTOR_BIO,729.2
2021-08-12 00:00:00,DQO_VERTIMIENTO,359.0
2021-08-13 00:00:00,DQO_REACTOR_BIO,719.5
2021-08-13 00:00:00,DQO_VERTIMIENTO,408.0
2021-08-15 00:00:00,DQO_REACTOR_BIO,481.4
2021-08-15 00:00:00,DQO_VERTIMIENTO,443.8
2021-08-16 00:00:00,DQO_REACTOR_BIO,803.2
2021-08-16 00:00:00,DQO_VERTIMIENTO,336.5
2021-08-17 00:00:00,DQO_REACTOR_BIO,812.5
2021-08-17 00:00:00,DQO_VERTIMIENTO,471.4
2021-08-21 00:00:00,DQO_REACTOR_BIO,695.7
2021-08-21 00:00:00,DQO_VERTIMIENTO,481.8
2021-08-22 00:00:00,DQO_REACTOR_BIO,400.0
2021-08-22 00:00:00,DQO_VERTIMIENTO,274.1
2021-08-23 00:00:00,DQO_REACTOR_BIO,818.1
2021-08-23 00:00:00,DQO_VERTIMIENTO,302.1
2021-08-26 00:00:00,DQO_REACTOR_BIO,667.2
2021-08-26 00:00:00,DQO_VERTIMIENTO,198.6
2021-08-27 00:00:00,DQO_REACTOR_BIO,575.4
2021-08-27 00:00:00,DQO_VERTIMIENTO,497.5
2021-08-29 00:00:00,DQO_REACTOR_BIO,721.6
2021-08-29 00:00:00,DQO_VERTIMIENTO,365.2
2021-08-31 00:00:00,DQO_REACTOR_BIO,674.1
2021-08-31 00:00:00,DQO_VERTIMIENTO,467.2
2021-09-01 00:00:00,DQO_REACTOR_BIO,561.0
2021-09-01 00:00:00,DQO_VERTIMIENTO,296.9
2021-09-02 00:00:00,DQO_REACTOR_BIO,980.8
2021-09-02 00:00:00,DQO_VERTIMIENTO,238.1
2021-09-03 00:00:00,DQO_REACTOR_BIO,683.0
2021-09-03 00:00:00,DQO_VERTIMIENTO,217.1
2021-09-06 00:00:00,DQO_REACTOR_BIO,845.7
2021-09-06 00:00:00,DQO_VERTIMIENTO,296.3
2021-09-07 00:00:00,DQO_REACTOR_BIO,871.4
2021-09-07 00:00:00,DQO_VERTIMIENTO,500.6
2021-09-08 00:00:00,DQO_REACTOR_BIO,696.7
2021-09-08 00:00:00,DQO_VERTIMIENTO,246.3
2021-09-09 00:00:00,DQO_REACTOR_BIO,498.2
2021-09-09 00:00:00,DQO_VERTIMIENTO,434.6
2021-09-14 00:00:00,DQO_REACTOR_BIO,872.9
2021-09-14 00:00:00,DQO_VERTIMIENTO,397.6
2021-09-15 00:00:00,DQO_REACTOR_BIO,618.4
2021-09-15 00:00:00,DQO_VERTIMIENTO,654.1
2021-09-17 00:00:00,DQO_REACTOR_BIO,558.9
2021-09-17 00:00:00,DQO_VERTIMIENTO,431.9
2021-09-18 00:00:00,DQO_REACTOR_BIO,961.5
2021-09-18 00:00:00,DQO_VERTIMIENTO,369.0
2021-09-21 00:00:00,DQO_REACTOR_BIO,852.5
2021-09-21 00:00:00,DQO_VERTIMIENTO,463.1
2021-09-23 00:00:00,DQO_REACTOR_BIO,1050.0
2021-09-23 00:00:00,DQO_VERTIMIENTO,397.5
2021-09-24 00:00:00,DQO_REACTOR_BIO,925.8
2021-09-24 00:00:00,DQO_VERTIMIENTO,295.1
2021-09-26 00:00:00,DQO_REACTOR_BIO,636.2
2021-09-26 00:00:00,DQO_VERTIMIENTO,383.9
2021-09-28 00:00:00,DQO_REACTOR_BIO,902.7
2021-09-28 00:00:00,DQO_VERTIMIENTO,432.7
2021-09-29 00:00:00,DQO_REACTOR_BIO,628.4
2021-09-29 00:00:00,DQO_VERTIMIENTO,361.0
2021-10-01 00:00:00,DQO_REACTOR_BIO,632.1
2021-10-01 00:00:00,DQO_VERTIMIENTO,287.7
2021-10-03 00:00:00,DQO_REACTOR_BIO,658.8
2021-10-03 00:00:00,DQO_VERTIMIENTO,481.0
2021-10-04 00:00:00,DQO_REACTOR_BIO,739.8
2021-10-04 00:00:00,DQO_VERTIMIENTO,510.4
2021-10-05 00:00:00,DQO_REACTOR_BIO,692.5
2021-10-05 00:00:00,DQO_VERTIMIENTO,780.0
2021-10-06 00:00:00,DQO_REACTOR_BIO,674.7
2021-10-06 00:00:00,DQO_VERTIMIENTO,180.0
2021-10-10 00:00:00,DQO_REACTOR_BIO,749.6
2021-10-10 00:00:00,DQO_VERTIMIENTO,459.1
2021-10-11 00:00:00,DQO_REACTOR_BIO,670.0
2021-10-11 00:00:00,DQO_VERTIMIENTO,478.1
2021-10-12 00:00:00,DQO_REACTOR_BIO,863.0
2021-10-12 00:00:00,DQO_VERTIMIENTO,250.3
2021-10-15 00:00:00,DQO_REACTOR_BIO,697.9
2021-10-15 00:00:00,DQO_VERTIMIENTO,381.8
2021-10-17 00:00:00,DQO_REACTOR_BIO,681.8
2021-10-17 00:00:00,DQO_VERTIMIENTO,335.9
2021-10-19 00:00:00,DQO_REACTOR_BIO,589.6
2021-10-19 00:00:00,DQO_VERTIMIENTO,352.7
2021-10-20 00:00:00,DQO_REACTOR_BIO,718.6
2021-10-20 00:00:00,DQO_VERTIMIENTO,233.4
2021-10-23 00:00:00,DQO_REACTOR_BIO,878.0
2021-10-23 00:00:00,DQO_VERTIMIENTO,560.0
2021-10-24 00:00:00,DQO_REACTOR_BIO,719.0
2021-10-24 00:00:00,DQO_VERTIMIENTO,488.3
2021-10-26 00:00:00,DQO_REACTOR_BIO,819.4
2021-10-26 00:00:00,DQO_VERTIMIENTO,454.1
2021-10-28 00:00:00,DQO_REACTOR_BIO,823.2
2021-10-28 00:00:00,DQO_VERTIMIENTO,551.8
2021-10-29 00:00:00,DQO_REACTOR_BIO,585.7
2021-10-29 00:00:00,DQO_VERTIMIENTO,411.6
2021-10-31 00:00:00,DQO_REACTOR_BIO,846.1
2021-10-31 00:00:00,DQO_VERTIMIENTO,268.9
2021-11-01 00:00:00,DQO_REACTOR_BIO,807.5
2021-11-01 00:00:00,DQO_VERTIMIENTO,283.6
2021-11-02 00:00:00,DQO_REACTOR_BIO,710.0
2021-11-02 00:00:00,DQO_VERTIMIENTO,347.2
2021-11-04 00:00:00,DQO_REACTOR_BIO,663.1
2021-11-04 00:00:00,DQO_VERTIMIENTO,479.5
2021-11-05 00:00:00,DQO_REACTOR_BIO,1002.8
2021-11-05 00:00:00,DQO_VERTIMIENTO,452.1
2021-11-10 00:00:00,DQO_REACTOR_BIO,1016.3
2021-11-10 00:00:00,DQO_VERTIMIENTO,558.9
2021-11-12 00:00:00,DQO_REACTOR_BIO,552.3
2021-11-12 00:00:00,DQO_VERTIMIENTO,326.9
2021-11-13 00:00:00,DQO_REACTOR_BIO,819.2
2021-11-13 00:00:00,DQO_VERTIMIENTO,355.7
2021-11-14 00:00:00,DQO_REACTOR_BIO,405.8
2021-11-14 00:00:00,DQO_VERTIMIENTO,405.2
2021-11-15 00:00:00,DQO_REACTOR_BIO,400.0
2021-11-15 00:00:00,DQO_VERTIMIENTO,220.0
2021-11-16 00:00:00,DQO_REACTOR_BIO,652.4
2021-11-16 00:00:00,DQO_VERTIMIENTO,557.3
2021-11-17 00:00:00,DQO_REACTOR_BIO,660.1
2021-11-17 00:00:00,DQO_VERTIMIENTO,493.2
2021-11-20 00:00:00,DQO_REACTOR_BIO,1021.0
2021-11-20 00:00:00,DQO_VERTIMIENTO,345.7
2021-11-22 00:00:00,DQO_REACTOR_BIO,617.7
2021-11-22 00:00:00,DQO_VERTIMIENTO,416.9
2021-11-23 00:00:00,DQO_REACTOR_BIO,434.7
2021-11-23 00:00:00,DQO_VERTIMIENTO,664.2
2021-11-24 00:00:00,DQO_REACTOR_BIO,762.1
2021-11-24 00:00:00,DQO_VERTIMIENTO,322.4
2021-11-26 00:00:00,DQO_REACTOR_BIO,596.4
2021-11-26 00:00:00,DQO_VERTIMIENTO,664.8
2021-12-01 00:00:00,DQO_REACTOR_BIO,650.0
2021-12-01 00:00:00,DQO_VERTIMIENTO,320.2
2021-12-02 00:00:00,DQO_REACTOR_BIO,555.1
2021-12-02 00:00:00,DQO_VERTIMIENTO,180.0
2021-12-04 00:00:00,DQO_REACTOR_BIO,499.2
2021-12-04 00:00:00,DQO_VERTIMIENTO,487.3
2021-12-05 00:00:00,DQO_REACTOR_BIO,486.9
2021-12-05 00:00:00,DQO_VERTIMIENTO,476.6
2021-12-07 00:00:00,DQO_REACTOR_BIO,583.4
2021-12-07 00:00:00,DQO_VERTIMIENTO,405.7
2021-12-10 00:00:00,DQO_REACTOR_BIO,698.1
2021-12-10 00:00:00,DQO_VERTIMIENTO,262.4
2021-12-11 00:00:00,DQO_REACTOR_BIO,654.2
2021-12-11 00:00:00,DQO_VERTIMIENTO,328.4
2021-12-12 00:00:00,DQO_REACTOR_BIO,658.0
2021-12-12 00:00:00,DQO_VERTIMIENTO,180.0
2021-12-15 00:00:00,DQO_REACTOR_BIO,741.3
2021-12-15 00:00:00,DQO_VERTIMIENTO,451.7
2021-12-16 00:00:00,DQO_REACTOR_BIO,619.8
2021-12-16 00:00:00,DQO_VERTIMIENTO,224.0
2021-12-17 00:00:00,DQO_REACTOR_BIO,681.1
2021-12-17 00:00:00,DQO_VERTIMIENTO,180.0
2021-12-18 00:00:00,DQO_REACTOR_BIO,643.1
2021-12-18 00:00:00,DQO_VERTIMIENTO,257.2
2021-12-21 00:00:00,DQO_REACTOR_BIO,786.8
2021-12-21 00:00:00,DQO_VERTIMIENTO,378.5
2021-12-22 00:00:00,DQO_REACTOR_BIO,465.5
2021-12-22 00:00:00,DQO_VERTIMIENTO,180.0
2021-12-23 00:00:00,DQO_REACTOR_BIO,826.5
2021-12-23 00:00:00,DQO_VERTIMIENTO,507.5
2021-12-25 00:00:00,DQO_REACTOR_BIO,931.7
2021-12-25 00:00:00,DQO_VERTIMIENTO,573.5
2021-12-27 00:00:00,DQO_REACTOR_BIO,851.1
2021-12-27 00:00:00,DQO_VERTIMIENTO,241.3
2021-12-29 00:00:00,DQO_REACTOR_BIO,788.5
2021-12-29 00:00:00,DQO_VERTIMIENTO,180.0
2021-12-31 00:00:00,DQO_REACTOR_BIO,1050.0
2021-12-31 00:00:00,DQO_VERTIMIENTO,323.4
2022-01-01 00:00:00,DQO_REACTOR_BIO,835.7
2022-01-01 00:00:00,DQO_VERTIMIENTO,458.0
2022-01-04 00:00:00,DQO_REACTOR_BIO,931.8
2022-01-04 00:00:00,DQO_VERTIMIENTO,377.7
2022-01-06 00:00:00,DQO_REACTOR_BIO,485.9
2022-01-06 00:00:00,DQO_VERTIMIENTO,342.2
2022-01-07 00:00:00,DQO_REACTOR_BIO,401.6
2022-01-07 00:00:00,DQO_VERTIMIENTO,404.4
2022-01-08 00:00:00,DQO_REACTOR_BIO,806.3
2022-01-08 00:00:00,DQO_VERTIMIENTO,429.7
2022-01-10 00:00:00,DQO_REACTOR_BIO,582.6
2022-01-10 00:00:00,DQO_VERTIMIENTO,577.7
2022-01-11 00:00:00,DQO_REACTOR_BIO,589.4
2022-01-11 00:00:00,DQO_VERTIMIENTO,616.7
2022-01-12 00:00:00,DQO_REACTOR_BIO,736.7
2022-01-12 00:00:00,DQO_VERTIMIENTO,180.0
2022-01-15 00:00:00,DQO_REACTOR_BIO,596.3
2022-01-15 00:00:00,DQO_VERTIMIENTO,278.0
2022-01-17 00:00:00,DQO_REACTOR_BIO,572.9
2022-01-17 00:00:00,DQO_VERTIMIENTO,320.2
2022-01-19 00:00:00,DQO_REACTOR_BIO,781.7
2022-01-19 00:00:00,DQO_VERTIMIENTO,299.4
2022-01-20 00:00:00,DQO_REACTOR_BIO,953.6
2022-01-20 00:00:00,DQO_VERTIMIENTO,690.2
2022-01-22 00:00:00,DQO_REACTOR_BIO,789.9
2022-01-22 00:00:00,DQO_VERTIMIENTO,348.2
2022-01-24 00:00:00,DQO_REACTOR_BIO,689.6
2022-01-24 00:00:00,DQO_VERTIMIENTO,446.0
2022-01-25 00:00:00,DQO_REACTOR_BIO,818.3
2022-01-25 00:00:00,DQO_VERTIMIENTO,532.1
2022-01-26 00:00:00,DQO_REACTOR_BIO,621.8
2022-01-26 00:00:00,DQO_VERTIMIENTO,465.2
2022-01-27 00:00:00,DQO_REACTOR_BIO,738.5
2022-01-27 00:00:00,DQO_VERTIMIENTO,348.4
2022-01-31 00:00:00,DQO_REACTOR_BIO,548.9
2022-01-31 00:00:00,DQO_VERTIMIENTO,289.4
2022-02-01 00:00:00,DQO_REACTOR_BIO,1003.1
2022-02-01 00:00:00,DQO_VERTIMIENTO,401.1
2022-02-03 00:00:00,DQO_REACTOR_BIO,580.8
2022-02-03 00:00:00,DQO_VERTIMIENTO,180.0
2022-02-04 00:00:00,DQO_REACTOR_BIO,463.4
2022-02-04 00:00:00,DQO_VERTIMIENTO,563.5
2022-02-08 00:00:00,DQO_REACTOR_BIO,722.3
2022-02-08 00:00:00,DQO_VERTIMIENTO,407.5
2022-02-09 00:00:00,DQO_REACTOR_BIO,657.8
2022-02-09 00:00:00,DQO_VERTIMIENTO,472.6
2022-02-10 00:00:00,DQO_REACTOR_BIO,985.3
2022-02-10 00:00:00,DQO_VERTIMIENTO,402.2
2022-02-12 00:00:00,DQO_REACTOR_BIO,751.0
2022-02-12 00:00:00,DQO_VERTIMIENTO,243.1
2022-02-16 00:00:00,DQO_REACTOR_BIO,741.0
2022-02-16 00:00:00,DQO_VERTIMIENTO,509.8
2022-02-18 00:00:00,DQO_REACTOR_BIO,831.3
2022-02-18 00:00:00,DQO_VERTIMIENTO,209.4
2022-02-19 00:00:00,DQO_REACTOR_BIO,609.8
2022-02-19 00:00:00,DQO_VERTIMIENTO,514.2
2022-02-20 00:00:00,DQO_REACTOR_BIO,644.8
2022-02-20 00:00:00,DQO_VERTIMIENTO,433.3
2022-02-21 00:00:00,DQO_REACTOR_BIO,546.1
2022-02-21 00:00:00,DQO_VERTIMIENTO,565.8
2022-02-22 00:00:00,DQO_REACTOR_BIO,828.1
2022-02-22 00:00:00,DQO_VERTIMIENTO,518.0
2022-02-26 00:00:00,DQO_REACTOR_BIO,662.8
2022-02-26 00:00:00,DQO_VERTIMIENTO,549.5
2022-02-27 00:00:00,DQO_REACTOR_BIO,567.1
2022-02-27 00:00:00,DQO_VERTIMIENTO,311.9
2022-02-28 00:00:00,DQO_REACTOR_BIO,932.6
2022-02-28 00:00:00,DQO_VERTIMIENTO,549.6
2022-03-02 00:00:00,DQO_REACTOR_BIO,779.8
2022-03-02 00:00:00,DQO_VERTIMIENTO,328.1
2022-03-03 00:00:00,DQO_REACTOR_BIO,893.5
2022-03-03 00:00:00,DQO_VERTIMIENTO,478.4
2022-03-06 00:00:00,DQO_REACTOR_BIO,764.2
2022-03-06 00:00:00,DQO_VERTIMIENTO,566.8
2022-03-07 00:00:00,DQO_REACTOR_BIO,809.5
2022-03-07 00:00:00,DQO_VERTIMIENTO,624.2
2022-03-10 00:00:00,DQO_REACTOR_BIO,754.2
2022-03-10 00:00:00,DQO_VERTIMIENTO,500.0
2022-03-11 00:00:00,DQO_REACTOR_BIO,706.5
2022-03-11 00:00:00,DQO_VERTIMIENTO,180.0
2022-03-13 00:00:00,DQO_REACTOR_BIO,912.5
2022-03-13 00:00:00,DQO_VERTIMIENTO,514.1
2022-03-14 00:00:00,DQO_REACTOR_BIO,520.3
2022-03-14 00:00:00,DQO_VERTIMIENTO,494.8
2022-03-15 00:00:00,DQO_REACTOR_BIO,946.9
2022-03-15 00:00:00,DQO_VERTIMIENTO,180.0
2022-03-17 00:00:00,DQO_REACTOR_BIO,974.2
2022-03-17 00:00:00,DQO_VERTIMIENTO,289.0
2022-03-20 00:00:00,DQO_REACTOR_BIO,663.3
2022-03-20 00:00:00,DQO_VERTIMIENTO,589.2
2022-03-21 00:00:00,DQO_REACTOR_BIO,603.1
2022-03-21 00:00:00,DQO_VERTIMIENTO,290.4
2022-03-23 00:00:00,DQO_REACTOR_BIO,527.0
2022-03-23 00:00:00,DQO_VERTIMIENTO,482.2
2022-03-25 00:00:00,DQO_REACTOR_BIO,447.3
2022-03-25 00:00:00,DQO_VERTIMIENTO,268.3
2022-03-27 00:00:00,DQO_REACTOR_BIO,767.0
2022-03-27 00:00:00,DQO_VERTIMIENTO,560.5
2022-03-28 00:00:00,DQO_REACTOR_BIO,940.2
2022-03-28 00:00:00,DQO_VERTIMIENTO,615.2
2022-04-01 00:00:00,DQO_REACTOR_BIO,615.6
2022-04-01 00:00:00,DQO_VERTIMIENTO,345.4
2022-04-02 00:00:00,DQO_REACTOR_BIO,579.0
2022-04-02 00:00:00,DQO_VERTIMIENTO,236.4
2022-04-03 00:00:00,DQO_REACTOR_BIO,549.4
2022-04-03 00:00:00,DQO_VERTIMIENTO,237.2
2022-04-04 00:00:00,DQO_REACTOR_BIO,525.5
2022-04-04 00:00:00,DQO_VERTIMIENTO,637.7
2022-04-05 00:00:00,DQO_REACTOR_BIO,829.4
2022-04-05 00:00:00,DQO_VERTIMIENTO,230.2
2022-04-08 00:00:00,DQO_REACTOR_BIO,590.9
2022-04-08 00:00:00,DQO_VERTIMIENTO,597.3
2022-04-10 00:00:00,DQO_REACTOR_BIO,570.3
2022-04-10 00:00:00,DQO_VERTIMIENTO,338.6
2022-04-12 00:00:00,DQO_REACTOR_BIO,638.0
2022-04-12 00:00:00,DQO_VERTIMIENTO,484.5
2022-04-13 00:00:00,DQO_REACTOR_BIO,820.3
2022-04-13 00:00:00,DQO_VERTIMIENTO,465.1
2022-04-15 00:00:00,DQO_REACTOR_BIO,595.7
2022-04-15 00:00:00,DQO_VERTIMIENTO,559.0
2022-04-16 00:00:00,DQO_REACTOR_BIO,430.4
2022-04-16 00:00:00,DQO_VERTIMIENTO,306.9
2022-04-19 00:00:00,DQO_REACTOR_BIO,708.1
2022-04-19 00:00:00,DQO_VERTIMIENTO,212.9
2022-04-20 00:00:00,DQO_REACTOR_BIO,602.9
2022-04-20 00:00:00,DQO_VERTIMIENTO,316.3
2022-04-23 00:00:00,DQO_REACTOR_BIO,853.1
2022-04-23 00:00:00,DQO_VERTIMIENTO,323.0
2022-04-24 00:00:00,DQO_REACTOR_BIO,669.4
2022-04-24 00:00:00,DQO_VERTIMIENTO,227.3
2022-04-28 00:00:00,DQO_REACTOR_BIO,635.6
2022-04-28 00:00:00,DQO_VERTIMIENTO,268.5
2022-04-29 00:00:00,DQO_REACTOR_BIO,551.9
2022-04-29 00:00:00,DQO_VERTIMIENTO,309.7
2022-04-30 00:00:00,DQO_REACTOR_BIO,538.4
2022-04-30 00:00:00,DQO_VERTIMIENTO,366.8
2022-05-01 00:00:00,DQO_REACTOR_BIO,400.0
2022-05-01 00:00:00,DQO_VERTIMIENTO,246.7
2022-05-02 00:00:00,DQO_REACTOR_BIO,898.8
2022-05-02 00:00:00,DQO_VERTIMIENTO,180.0
2022-05-03 00:00:00,DQO_REACTOR_BIO,720.0
2022-05-03 00:00:00,DQO_VERTIMIENTO,471.3
2022-05-05 00:00:00,DQO_REACTOR_BIO,703.7
2022-05-05 00:00:00,DQO_VERTIMIENTO,580.3
2022-05-06 00:00:00,DQO_REACTOR_BIO,694.8
2022-05-06 00:00:00,DQO_VERTIMIENTO,609.8
2022-05-09 00:00:00,DQO_REACTOR_BIO,505.7
2022-05-09 00:00:00,DQO_VERTIMIENTO,357.5
2022-05-10 00:00:00,DQO_REACTOR_BIO,509.0
2022-05-10 00:00:00,DQO_VERTIMIENTO,505.3
2022-05-12 00:00:00,DQO_REACTOR_BIO,688.0
2022-05-12 00:00:00,DQO_VERTIMIENTO,288.9
2022-05-13 00:00:00,DQO_REACTOR_BIO,703.9
2022-05-13 00:00:00,DQO_VERTIMIENTO,341.2
2022-05-16 00:00:00,DQO_REACTOR_BIO,843.7
2022-05-16 00:00:00,DQO_VERTIMIENTO,427.3
2022-05-17 00:00:00,DQO_REACTOR_BIO,701.6
2022-05-17 00:00:00,DQO_VERTIMIENTO,384.3
2022-05-19 00:00:00,DQO_REACTOR_BIO,580.4
2022-05-19 00:00:00,DQO_VERTIMIENTO,735.0
2022-05-21 00:00:00,DQO_REACTOR_BIO,776.6
2022-05-21 00:00:00,DQO_VERTIMIENTO,437.3
2022-05-25 00:00:00,DQO_REACTOR_BIO,464.1
2022-05-25 00:00:00,DQO_VERTIMIENTO,310.3
2022-05-26 00:00:00,DQO_REACTOR_BIO,696.0
2022-05-26 00:00:00,DQO_VERTIMIENTO,597.2
2022-05-28 00:00:00,DQO_REACTOR_BIO,997.9
2022-05-28 00:00:00,DQO_VERTIMIENTO,580.3
2022-05-29 00:00:00,DQO_REACTOR_BIO,855.7
2022-05-29 00:00:00,DQO_VERTIMIENTO,318.5
2022-05-31 00:00:00,DQO_REACTOR_BIO,737.7
2022-05-31 00:00:00,DQO_VERTIMIENTO,180.0
2022-06-01 00:00:00,DQO_REACTOR_BIO,1050.0
2022-06-01 00:00:00,DQO_VERTIMIENTO,282.7
2022-06-02 00:00:00,DQO_REACTOR_BIO,967.7
2022-06-02 00:00:00,DQO_VERTIMIENTO,543.6
2022-06-04 00:00:00,DQO_REACTOR_BIO,892.5
2022-06-04 00:00:00,DQO_VERTIMIENTO,256.5
2022-06-07 00:00:00,DQO_REACTOR_BIO,711.7
2022-06-07 00:00:00,DQO_VERTIMIENTO,250.3
2022-06-10 00:00:00,DQO_REACTOR_BIO,583.2
2022-06-10 00:00:00,DQO_VERTIMIENTO,229.2
2022-06-11 00:00:00,DQO_REACTOR_BIO,643.5
2022-06-11 00:00:00,DQO_VERTIMIENTO,180.0
2022-06-12 00:00:00,DQO_REACTOR_BIO,610.2
2022-06-12 00:00:00,DQO_VERTIMIENTO,335.5
2022-06-14 00:00:00,DQO_REACTOR_BIO,612.9
2022-06-14 00:00:00,DQO_VERTIMIENTO,725.2
2022-06-15 00:00:00,DQO_REACTOR_BIO,863.3
2022-06-15 00:00:00,DQO_VERTIMIENTO,455.2
2022-06-18 00:00:00,DQO_REACTOR_BIO,893.0
2022-06-18 00:00:00,DQO_VERTIMIENTO,262.5
2022-06-19 00:00:00,DQO_REACTOR_BIO,657.1
2022-06-19 00:00:00,DQO_VERTIMIENTO,435.7
2022-06-20 00:00:00,DQO_REACTOR_BIO,708.0
2022-06-20 00:00:00,DQO_VERTIMIENTO,441.8
2022-06-22 00:00:00,DQO_REACTOR_BIO,400.0
2022-06-22 00:00:00,DQO_VERTIMIENTO,272.6
2022-06-23 00:00:00,DQO_REACTOR_BIO,602.7
2022-06-23 00:00:00,DQO_VERTIMIENTO,408.1
2022-06-24 00:00:00,DQO_REACTOR_BIO,737.9
2022-06-24 00:00:00,DQO_VERTIMIENTO,497.7
2022-06-27 00:00:00,DQO_REACTOR_BIO,1050.0
2022-06-27 00:00:00,DQO_VERTIMIENTO,386.0
2022-06-28 00:00:00,DQO_REACTOR_BIO,633.3
2022-06-28 00:00:00,DQO_VERTIMIENTO,180.0
2022-07-02 00:00:00,DQO_REACTOR_BIO,575.7
2022-07-02 00:00:00,DQO_VERTIMIENTO,370.5
2022-07-03 00:00:00,DQO_REACTOR_BIO,579.6
2022-07-03 00:00:00,DQO_VERTIMIENTO,327.6
2022-07-04 00:00:00,DQO_REACTOR_BIO,769.7
2022-07-04 00:00:00,DQO_VERTIMIENTO,279.9
2022-07-06 00:00:00,DQO_REACTOR_BIO,727.2
2022-07-06 00:00:00,DQO_VERTIMIENTO,345.3
2022-07-09 00:00:00,DQO_REACTOR_BIO,707.5
2022-07-09 00:00:00,DQO_VERTIMIENTO,377.4
2022-07-10 00:00:00,DQO_REACTOR_BIO,400.0
2022-07-10 00:00:00,DQO_VERTIMIENTO,447.2
2022-07-12 00:00:00,DQO_REACTOR_BIO,998.0
2022-07-12 00:00:00,DQO_VERTIMIENTO,464.8
2022-07-13 00:00:00,DQO_REACTOR_BIO,647.8
2022-07-13 00:00:00,DQO_VERTIMIENTO,181.2
2022-07-14 00:00:00,DQO_REACTOR_BIO,508.9
2022-07-14 00:00:00,DQO_VERTIMIENTO,180.0
2022-07-16 00:00:00,DQO_REACTOR_BIO,576.0
2022-07-16 00:00:00,DQO_VERTIMIENTO,256.7
2022-07-18 00:00:00,DQO_REACTOR_BIO,638.1
2022-07-18 00:00:00,DQO_VERTIMIENTO,311.2
2022-07-19 00:00:00,DQO_REACTOR_BIO,666.6
2022-07-19 00:00:00,DQO_VERTIMIENTO,301.2
2022-07-21 00:00:00,DQO_REACTOR_BIO,758.9
2022-07-21 00:00:00,DQO_VERTIMIENTO,445.5
2022-07-23 00:00:00,DQO_REACTOR_BIO,856.3
2022-07-23 00:00:00,DQO_VERTIMIENTO,296.1
2022-07-25 00:00:00,DQO_REACTOR_BIO,428.9
2022-07-25 00:00:00,DQO_VERTIMIENTO,406.7
2022-07-26 00:00:00,DQO_REACTOR_BIO,685.7
2022-07-26 00:00:00,DQO_VERTIMIENTO,414.7
2022-07-28 00:00:00,DQO_REACTOR_BIO,907.9
2022-07-28 00:00:00,DQO_VERTIMIENTO,277.5
2022-07-29 00:00:00,DQO_REACTOR_BIO,667.7
2022-07-29 00:00:00,DQO_VERTIMIENTO,528.6
2022-08-01 00:00:00,DQO_REACTOR_BIO,524.0
2022-08-01 00:00:00,DQO_VERTIMIENTO,246.5
2022-08-05 00:00:00,DQO_REACTOR_BIO,859.9
2022-08-05 00:00:00,DQO_VERTIMIENTO,527.6
2022-08-06 00:00:00,DQO_REACTOR_BIO,855.2
2022-08-06 00:00:00,DQO_VERTIMIENTO,480.1
2022-08-07 00:00:00,DQO_REACTOR_BIO,787.8
2022-08-07 00:00:00,DQO_VERTIMIENTO,355.6
2022-08-09 00:00:00,DQO_REACTOR_BIO,705.6
2022-08-09 00:00:00,DQO_VERTIMIENTO,301.7
2022-08-10 00:00:00,DQO_REACTOR_BIO,466.0
2022-08-10 00:00:00,DQO_VERTIMIENTO,589.1
2022-08-13 00:00:00,DQO_REACTOR_BIO,661.2
2022-08-13 00:00:00,DQO_VERTIMIENTO,279.9
2022-08-14 00:00:00,DQO_REACTOR_BIO,695.3
2022-08-14 00:00:00,DQO_VERTIMIENTO,180.0
2022-08-15 00:00:00,DQO_REACTOR_BIO,752.3
2022-08-15 00:00:00,DQO_VERTIMIENTO,270.7
2022-08-16 00:00:00,DQO_REACTOR_BIO,440.2
2022-08-16 00:00:00,DQO_VERTIMIENTO,180.0
2022-08-19 00:00:00,DQO_REACTOR_BIO,854.8
2022-08-19 00:00:00,DQO_VERTIMIENTO,203.0
2022-08-20 00:00:00,DQO_REACTOR_BIO,519.1
2022-08-20 00:00:00,DQO_VERTIMIENTO,427.4
2022-08-23 00:00:00,DQO_REACTOR_BIO,924.6
2022-08-23 00:00:00,DQO_VERTIMIENTO,701.0
2022-08-25 00:00:00,DQO_REACTOR_BIO,812.8
2022-08-25 00:00:00,DQO_VERTIMIENTO,180.0
2022-08-26 00:00:00,DQO_REACTOR_BIO,565.5
2022-08-26 00:00:00,DQO_VERTIMIENTO,452.6
2022-08-28 00:00:00,DQO_REACTOR_BIO,722.0
2022-08-28 00:00:00,DQO_VERTIMIENTO,248.1
2022-08-29 00:00:00,DQO_REACTOR_BIO,651.5
2022-08-29 00:00:00,DQO_VERTIMIENTO,587.3
2022-09-02 00:00:00,DQO_REACTOR_BIO,702.3
2022-09-02 00:00:00,DQO_VERTIMIENTO,710.3
2022-09-03 00:00:00,DQO_REACTOR_BIO,722.3
2022-09-03 00:00:00,DQO_VERTIMIENTO,180.0
2022-09-04 00:00:00,DQO_REACTOR_BIO,1050.0
2022-09-04 00:00:00,DQO_VERTIMIENTO,331.3
2022-09-05 00:00:00,DQO_REACTOR_BIO,862.8
2022-09-05 00:00:00,DQO_VERTIMIENTO,226.7
2022-09-08 00:00:00,DQO_REACTOR_BIO,764.6
2022-09-08 00:00:00,DQO_VERTIMIENTO,357.6
2022-09-09 00:00:00,DQO_REACTOR_BIO,600.9
2022-09-09 00:00:00,DQO_VERTIMIENTO,344.4
2022-09-10 00:00:00,DQO_REACTOR_BIO,638.3
2022-09-10 00:00:00,DQO_VERTIMIENTO,314.8
2022-09-14 00:00:00,DQO_REACTOR_BIO,400.0
2022-09-14 00:00:00,DQO_VERTIMIENTO,462.5
2022-09-15 00:00:00,DQO_REACTOR_BIO,434.1
2022-09-15 00:00:00,DQO_VERTIMIENTO,403.9
2022-09-16 00:00:00,DQO_REACTOR_BIO,856.6
2022-09-16 00:00:00,DQO_VERTIMIENTO,393.3
2022-09-17 00:00:00,DQO_REACTOR_BIO,400.0
2022-09-17 00:00:00,DQO_VERTIMIENTO,351.5
2022-09-20 00:00:00,DQO_REACTOR_BIO,581.9
2022-09-20 00:00:00,DQO_VERTIMIENTO,701.4
2022-09-22 00:00:00,DQO_REACTOR_BIO,749.9
2022-09-22 00:00:00,DQO_VERTIMIENTO,673.4
2022-09-24 00:00:00,DQO_REACTOR_BIO,718.4
2022-09-24 00:00:00,DQO_VERTIMIENTO,213.0
2022-09-25 00:00:00,DQO_REACTOR_BIO,650.9
2022-09-25 00:00:00,DQO_VERTIMIENTO,534.2
2022-09-26 00:00:00,DQO_REACTOR_BIO,817.8
2022-09-26 00:00:00,DQO_VERTIMIENTO,328.0
2022-09-27 00:00:00,DQO_REACTOR_BIO,868.3
2022-09-27 00:00:00,DQO_VERTIMIENTO,446.9
2022-09-28 00:00:00,DQO_REACTOR_BIO,752.9
2022-09-28 00:00:00,DQO_VERTIMIENTO,286.4
2022-10-02 00:00:00,DQO_REACTOR_BIO,423.5
2022-10-02 00:00:00,DQO_VERTIMIENTO,277.9
2022-10-03 00:00:00,DQO_REACTOR_BIO,903.4
2022-10-03 00:00:00,DQO_VERTIMIENTO,245.1
2022-10-06 00:00:00,DQO_REACTOR_BIO,771.3
2022-10-06 00:00:00,DQO_VERTIMIENTO,565.0
2022-10-07 00:00:00,DQO_REACTOR_BIO,487.7
2022-10-07 00:00:00,DQO_VERTIMIENTO,584.1
2022-10-08 00:00:00,DQO_REACTOR_BIO,918.9
2022-10-08 00:00:00,DQO_VERTIMIENTO,412.4
2022-10-10 00:00:00,DQO_REACTOR_BIO,700.5
2022-10-10 00:00:00,DQO_VERTIMIENTO,196.6
2022-10-11 00:00:00,DQO_REACTOR_BIO,443.5
2022-10-11 00:00:00,DQO_VERTIMIENTO,578.8
2022-10-12 00:00:00,DQO_REACTOR_BIO,400.0
2022-10-12 00:00:00,DQO_VERTIMIENTO,310.4
2022-10-14 00:00:00,DQO_REACTOR_BIO,400.0
2022-10-14 00:00:00,DQO_VERTIMIENTO,565.2
2022-10-17 00:00:00,DQO_REACTOR_BIO,695.6
2022-10-17 00:00:00,DQO_VERTIMIENTO,486.9
2022-10-19 00:00:00,DQO_REACTOR_BIO,694.6
2022-10-19 00:00:00,DQO_VERTIMIENTO,510.1
2022-10-20 00:00:00,DQO_REACTOR_BIO,1039.6
2022-10-20 00:00:00,DQO_VERTIMIENTO,311.5
2022-10-23 00:00:00,DQO_REACTOR_BIO,699.8
2022-10-23 00:00:00,DQO_VERTIMIENTO,372.9
2022-10-24 00:00:00,DQO_REACTOR_BIO,832.5
2022-10-24 00:00:00,DQO_VERTIMIENTO,582.5
2022-10-25 00:00:00,DQO_REACTOR_BIO,803.1
2022-10-25 00:00:00,DQO_VERTIMIENTO,277.4
2022-10-26 00:00:00,DQO_REACTOR_BIO,701.7
2022-10-26 00:00:00,DQO_VERTIMIENTO,268.5
2022-10-29 00:00:00,DQO_REACTOR_BIO,630.2
2022-10-29 00:00:00,DQO_VERTIMIENTO,432.7
2022-11-01 00:00:00,DQO_REACTOR_BIO,556.0
2022-11-01 00:00:00,DQO_VERTIMIENTO,302.0
2022-11-03 00:00:00,DQO_REACTOR_BIO,681.5
2022-11-03 00:00:00,DQO_VERTIMIENTO,180.0
2022-11-04 00:00:00,DQO_REACTOR_BIO,899.9
2022-11-04 00:00:00,DQO_VERTIMIENTO,249.1
2022-11-06 00:00:00,DQO_REACTOR_BIO,575.0
2022-11-06 00:00:00,DQO_VERTIMIENTO,416.0
2022-11-07 00:00:00,DQO_REACTOR_BIO,802.5
2022-11-07 00:00:00,DQO_VERTIMIENTO,364.4
2022-11-09 00:00:00,DQO_REACTOR_BIO,425.2
2022-11-09 00:00:00,DQO_VERTIMIENTO,339.6
2022-11-11 00:00:00,DQO_REACTOR_BIO,898.1
2022-11-11 00:00:00,DQO_VERTIMIENTO,648.4
2022-11-13 00:00:00,DQO_REACTOR_BIO,902.3
2022-11-13 00:00:00,DQO_VERTIMIENTO,459.6
2022-11-14 00:00:00,DQO_REACTOR_BIO,834.3
2022-11-14 00:00:00,DQO_VERTIMIENTO,503.8
2022-11-15 00:00:00,DQO_REACTOR_BIO,932.3
2022-11-15 00:00:00,DQO_VERTIMIENTO,356.5
2022-11-17 00:00:00,DQO_REACTOR_BIO,732.6
2022-11-17 00:00:00,DQO_VERTIMIENTO,569.3
2022-11-19 00:00:00,DQO_REACTOR_BIO,583.9
2022-11-19 00:00:00,DQO_VERTIMIENTO,503.1
2022-11-22 00:00:00,DQO_REACTOR_BIO,608.5
2022-11-22 00:00:00,DQO_VERTIMIENTO,362.8
2022-11-25 00:00:00,DQO_REACTOR_BIO,495.5
2022-11-25 00:00:00,DQO_VERTIMIENTO,460.0
2022-11-26 00:00:00,DQO_REACTOR_BIO,882.3
2022-11-26 00:00:00,DQO_VERTIMIENTO,387.8
2022-11-27 00:00:00,DQO_REACTOR_BIO,430.9
2022-11-27 00:00:00,DQO_VERTIMIENTO,473.3
2022-11-28 00:00:00,DQO_REACTOR_BIO,693.6
2022-11-28 00:00:00,DQO_VERTIMIENTO,309.8
2022-11-30 00:00:00,DQO_REACTOR_BIO,695.4
2022-11-30 00:00:00,DQO_VERTIMIENTO,377.7
2022-12-03 00:00:00,DQO_REACTOR_BIO,864.7
2022-12-03 00:00:00,DQO_VERTIMIENTO,718.6
2022-12-04 00:00:00,DQO_REACTOR_BIO,816.9
2022-12-04 00:00:00,DQO_VERTIMIENTO,358.4
2022-12-06 00:00:00,DQO_REACTOR_BIO,432.2
2022-12-06 00:00:00,DQO_VERTIMIENTO,451.0
2022-12-08 00:00:00,DQO_REACTOR_BIO,746.1
2022-12-08 00:00:00,DQO_VERTIMIENTO,621.9
2022-12-09 00:00:00,DQO_REACTOR_BIO,639.4
2022-12-09 00:00:00,DQO_VERTIMIENTO,501.0
2022-12-11 00:00:00,DQO_REACTOR_BIO,686.9
2022-12-11 00:00:00,DQO_VERTIMIENTO,457.5
2022-12-12 00:00:00,DQO_REACTOR_BIO,858.3
2022-12-12 00:00:00,DQO_VERTIMIENTO,403.4
2022-12-14 00:00:00,DQO_REACTOR_BIO,641.5
2022-12-14 00:00:00,DQO_VERTIMIENTO,335.1
2022-12-15 00:00:00,DQO_REACTOR_BIO,701.4
2022-12-15 00:00:00,DQO_VERTIMIENTO,393.4
2022-12-18 00:00:00,DQO_REACTOR_BIO,733.9
2022-12-18 00:00:00,DQO_VERTIMIENTO,413.8
2022-12-21 00:00:00,DQO_REACTOR_BIO,400.0
2022-12-21 00:00:00,DQO_VERTIMIENTO,180.0
2022-12-22 00:00:00,DQO_REACTOR_BIO,486.2
2022-12-22 00:00:00,DQO_VERTIMIENTO,591.8
2022-12-23 00:00:00,DQO_REACTOR_BIO,655.6
2022-12-23 00:00:00,DQO_VERTIMIENTO,444.4
2022-12-24 00:00:00,DQO_REACTOR_BIO,827.7
2022-12-24 00:00:00,DQO_VERTIMIENTO,558.3
2022-12-26 00:00:00,DQO_REACTOR_BIO,441.4
2022-12-26 00:00:00,DQO_VERTIMIENTO,397.9
2022-12-27 00:00:00,DQO_REACTOR_BIO,789.6
2022-12-27 00:00:00,DQO_VERTIMIENTO,217.5
2022-12-28 00:00:00,DQO_REACTOR_BIO,752.7
2022-12-28 00:00:00,DQO_VERTIMIENTO,337.4
2022-12-30 00:00:00,DQO_REACTOR_BIO,820.9
2022-12-30 00:00:00,DQO_VERTIMIENTO,503.5
2023-01-03 00:00:00,DQO_REACTOR_BIO,764.5
2023-01-03 00:00:00,DQO_VERTIMIENTO,365.8
2023-01-04 00:00:00,DQO_REACTOR_BIO,591.6
2023-01-04 00:00:00,DQO_VERTIMIENTO,452.8
2023-01-05 00:00:00,DQO_REACTOR_BIO,693.7
2023-01-05 00:00:00,DQO_VERTIMIENTO,449.2
2023-01-06 00:00:00,DQO_REACTOR_BIO,600.2
2023-01-06 00:00:00,DQO_VERTIMIENTO,440.2
2023-01-10 00:00:00,DQO_REACTOR_BIO,583.8
2023-01-10 00:00:00,DQO_VERTIMIENTO,199.9
2023-01-11 00:00:00,DQO_REACTOR_BIO,435.4
2023-01-11 00:00:00,DQO_VERTIMIENTO,525.3
2023-01-14 00:00:00,DQO_REACTOR_BIO,474.3
2023-01-14 00:00:00,DQO_VERTIMIENTO,236.3
2023-01-15 00:00:00,DQO_REACTOR_BIO,549.1
2023-01-15 00:00:00,DQO_VERTIMIENTO,379.5
2023-01-16 00:00:00,DQO_REACTOR_BIO,400.0
2023-01-16 00:00:00,DQO_VERTIMIENTO,416.9
2023-01-17 00:00:00,DQO_REACTOR_BIO,890.9
2023-01-17 00:00:00,DQO_VERTIMIENTO,507.0
2023-01-21 00:00:00,DQO_REACTOR_BIO,465.1
2023-01-21 00:00:00,DQO_VERTIMIENTO,207.7
2023-01-22 00:00:00,DQO_REACTOR_BIO,748.6
2023-01-22 00:00:00,DQO_VERTIMIENTO,485.3
2023-01-24 00:00:00,DQO_REACTOR_BIO,916.4
2023-01-24 00:00:00,DQO_VERTIMIENTO,601.2
2023-01-25 00:00:00,DQO_REACTOR_BIO,445.0
2023-01-25 00:00:00,DQO_VERTIMIENTO,361.2
2023-01-27 00:00:00,DQO_REACTOR_BIO,573.7
2023-01-27 00:00:00,DQO_VERTIMIENTO,457.1
2023-01-29 00:00:00,DQO_REACTOR_BIO,584.0
2023-01-29 00:00:00,DQO_VERTIMIENTO,554.3
2023-01-31 00:00:00,DQO_REACTOR_BIO,958.1
2023-01-31 00:00:00,DQO_VERTIMIENTO,300.7
2023-02-02 00:00:00,DQO_REACTOR_BIO,400.0
2023-02-02 00:00:00,DQO_VERTIMIENTO,349.8
2023-02-04 00:00:00,DQO_REACTOR_BIO,732.0
2023-02-04 00:00:00,DQO_VERTIMIENTO,212.4
2023-02-05 00:00:00,DQO_REACTOR_BIO,548.3
2023-02-05 00:00:00,DQO_VERTIMIENTO,406.6
2023-02-08 00:00:00,DQO_REACTOR_BIO,730.8
2023-02-08 00:00:00,DQO_VERTIMIENTO,408.1
2023-02-09 00:00:00,DQO_REACTOR_BIO,729.3
2023-02-09 00:00:00,DQO_VERTIMIENTO,586.1
2023-02-10 00:00:00,DQO_REACTOR_BIO,812.5
2023-02-10 00:00:00,DQO_VERTIMIENTO,313.5
2023-02-11 00:00:00,DQO_REACTOR_BIO,973.0
2023-02-11 00:00:00,DQO_VERTIMIENTO,308.9
2023-02-13 00:00:00,DQO_REACTOR_BIO,790.8
2023-02-13 00:00:00,DQO_VERTIMIENTO,539.6
2023-02-14 00:00:00,DQO_REACTOR_BIO,954.8
2023-02-14 00:00:00,DQO_VERTIMIENTO,419.3
2023-02-16 00:00:00,DQO_REACTOR_BIO,831.3
2023-02-16 00:00:00,DQO_VERTIMIENTO,445.3
2023-02-19 00:00:00,DQO_REACTOR_BIO,620.4
2023-02-19 00:00:00,DQO_VERTIMIENTO,421.5
2023-02-23 00:00:00,DQO_REACTOR_BIO,829.3
2023-02-23 00:00:00,DQO_VERTIMIENTO,343.3
2023-02-24 00:00:00,DQO_REACTOR_BIO,773.0
2023-02-24 00:00:00,DQO_VERTIMIENTO,290.9
2023-02-25 00:00:00,DQO_REACTOR_BIO,542.5
2023-02-25 00:00:00,DQO_VERTIMIENTO,239.7
2023-02-26 00:00:00,DQO_REACTOR_BIO,532.2
2023-02-26 00:00:00,DQO_VERTIMIENTO,345.6
2023-03-01 00:00:00,DQO_REACTOR_BIO,674.8
2023-03-01 00:00:00,DQO_VERTIMIENTO,372.0
2023-03-02 00:00:00,DQO_REACTOR_BIO,1015.0
2023-03-02 00:00:00,DQO_VERTIMIENTO,624.1
2023-03-03 00:00:00,DQO_REACTOR_BIO,696.0
2023-03-03 00:00:00,DQO_VERTIMIENTO,663.0
2023-03-04 00:00:00,DQO_REACTOR_BIO,680.0
2023-03-04 00:00:00,DQO_VERTIMIENTO,180.0
2023-03-06 00:00:00,DQO_REACTOR_BIO,538.5
2023-03-06 00:00:00,DQO_VERTIMIENTO,446.3
2023-03-07 00:00:00,DQO_REACTOR_BIO,716.6
2023-03-07 00:00:00,DQO_VERTIMIENTO,403.3
2023-03-08 00:00:00,DQO_REACTOR_BIO,641.6
2023-03-08 00:00:00,DQO_VERTIMIENTO,220.2
2023-03-10 00:00:00,DQO_REACTOR_BIO,593.3
2023-03-10 00:00:00,DQO_VERTIMIENTO,400.2
2023-03-15 00:00:00,DQO_REACTOR_BIO,467.8
2023-03-15 00:00:00,DQO_VERTIMIENTO,254.8
2023-03-16 00:00:00,DQO_REACTOR_BIO,864.4
2023-03-16 00:00:00,DQO_VERTIMIENTO,582.0
2023-03-17 00:00:00,DQO_REACTOR_BIO,942.3
2023-03-17 00:00:00,DQO_VERTIMIENTO,507.8
2023-03-18 00:00:00,DQO_REACTOR_BIO,759.3
2023-03-18 00:00:00,DQO_VERTIMIENTO,393.1
2023-03-21 00:00:00,DQO_REACTOR_BIO,817.1
2023-03-21 00:00:00,DQO_VERTIMIENTO,483.4
2023-03-23 00:00:00,DQO_REACTOR_BIO,573.0
2023-03-23 00:00:00,DQO_VERTIMIENTO,522.0
2023-03-24 00:00:00,DQO_REACTOR_BIO,895.2
2023-03-24 00:00:00,DQO_VERTIMIENTO,397.6
2023-03-26 00:00:00,DQO_REACTOR_BIO,702.7
2023-03-26 00:00:00,DQO_VERTIMIENTO,187.1
2023-03-27 00:00:00,DQO_REACTOR_BIO,742.4
2023-03-27 00:00:00,DQO_VERTIMIENTO,180.0
2023-03-29 00:00:00,DQO_REACTOR_BIO,602.1
2023-03-29 00:00:00,DQO_VERTIMIENTO,298.4
2023-03-30 00:00:00,DQO_REACTOR_BIO,610.3
2023-03-30 00:00:00,DQO_VERTIMIENTO,180.0
2023-04-01 00:00:00,DQO_REACTOR_BIO,553.2
2023-04-01 00:00:00,DQO_VERTIMIENTO,426.3
2023-04-04 00:00:00,DQO_REACTOR_BIO,636.6
2023-04-04 00:00:00,DQO_VERTIMIENTO,336.0
2023-04-05 00:00:00,DQO_REACTOR_BIO,581.1
2023-04-05 00:00:00,DQO_VERTIMIENTO,180.0
2023-04-06 00:00:00,DQO_REACTOR_BIO,635.9
2023-04-06 00:00:00,DQO_VERTIMIENTO,602.9
2023-04-09 00:00:00,DQO_REACTOR_BIO,832.3
2023-04-09 00:00:00,DQO_VERTIMIENTO,559.4
2023-04-11 00:00:00,DQO_REACTOR_BIO,809.0
2023-04-11 00:00:00,DQO_VERTIMIENTO,352.0
2023-04-13 00:00:00,DQO_REACTOR_BIO,616.6
2023-04-13 00:00:00,DQO_VERTIMIENTO,307.6
2023-04-14 00:00:00,DQO_REACTOR_BIO,1038.3
2023-04-14 00:00:00,DQO_VERTIMIENTO,340.8
2023-04-15 00:00:00,DQO_REACTOR_BIO,1015.5
2023-04-15 00:00:00,DQO_VERTIMIENTO,275.7
2023-04-17 00:00:00,DQO_REACTOR_BIO,578.4
2023-04-17 00:00:00,DQO_VERTIMIENTO,282.2
2023-04-21 00:00:00,DQO_REACTOR_BIO,657.5
2023-04-21 00:00:00,DQO_VERTIMIENTO,379.9
2023-04-22 00:00:00,DQO_REACTOR_BIO,551.0
2023-04-22 00:00:00,DQO_VERTIMIENTO,590.4
2023-04-23 00:00:00,DQO_REACTOR_BIO,409.9
2023-04-23 00:00:00,DQO_VERTIMIENTO,586.4
2023-04-26 00:00:00,DQO_REACTOR_BIO,728.2
2023-04-26 00:00:00,DQO_VERTIMIENTO,533.2
2023-04-27 00:00:00,DQO_REACTOR_BIO,572.0
2023-04-27 00:00:00,DQO_VERTIMIENTO,366.1
2023-04-28 00:00:00,DQO_REACTOR_BIO,687.0
2023-04-28 00:00:00,DQO_VERTIMIENTO,402.3
2023-04-29 00:00:00,DQO_REACTOR_BIO,730.0
2023-04-29 00:00:00,DQO_VERTIMIENTO,397.4
2023-05-02 00:00:00,DQO_REACTOR_BIO,673.7
2023-05-02 00:00:00,DQO_VERTIMIENTO,583.8
2023-05-03 00:00:00,DQO_REACTOR_BIO,630.7
2023-05-03 00:00:00,DQO_VERTIMIENTO,322.9
2023-05-05 00:00:00,DQO_REACTOR_BIO,781.6
2023-05-05 00:00:00,DQO_VERTIMIENTO,441.2
2023-05-06 00:00:00,DQO_REACTOR_BIO,837.4
2023-05-06 00:00:00,DQO_VERTIMIENTO,180.0
2023-05-09 00:00:00,DQO_REACTOR_BIO,647.8
2023-05-09 00:00:00,DQO_VERTIMIENTO,576.1
2023-05-10 00:00:00,DQO_REACTOR_BIO,773.2
2023-05-10 00:00:00,DQO_VERTIMIENTO,435.8
2023-05-12 00:00:00,DQO_REACTOR_BIO,511.5
2023-05-12 00:00:00,DQO_VERTIMIENTO,197.9
2023-05-13 00:00:00,DQO_REACTOR_BIO,848.8
2023-05-13 00:00:00,DQO_VERTIMIENTO,303.0
2023-05-18 00:00:00,DQO_REACTOR_BIO,804.4
2023-05-18 00:00:00,DQO_VERTIMIENTO,254.6
2023-05-19 00:00:00,DQO_REACTOR_BIO,660.6
2023-05-19 00:00:00,DQO_VERTIMIENTO,367.1
2023-05-20 00:00:00,DQO_REACTOR_BIO,400.0
2023-05-20 00:00:00,DQO_VERTIMIENTO,519.6
2023-05-21 00:00:00,DQO_REACTOR_BIO,725.8
2023-05-21 00:00:00,DQO_VERTIMIENTO,271.9
2023-05-23 00:00:00,DQO_REACTOR_BIO,847.3
2023-05-23 00:00:00,DQO_VERTIMIENTO,487.3
2023-05-24 00:00:00,DQO_REACTOR_BIO,749.2
2023-05-24 00:00:00,DQO_VERTIMIENTO,180.0
2023-05-25 00:00:00,DQO_REACTOR_BIO,550.2
2023-05-25 00:00:00,DQO_VERTIMIENTO,594.0
2023-05-28 00:00:00,DQO_REACTOR_BIO,459.5
2023-05-28 00:00:00,DQO_VERTIMIENTO,391.8
2023-05-29 00:00:00,DQO_REACTOR_BIO,713.7
2023-05-29 00:00:00,DQO_VERTIMIENTO,363.4
2023-05-30 00:00:00,DQO_REACTOR_BIO,956.2
2023-05-30 00:00:00,DQO_VERTIMIENTO,330.5
2023-05-31 00:00:00,DQO_REACTOR_BIO,562.7
2023-05-31 00:00:00,DQO_VERTIMIENTO,417.9
2023-06-01 00:00:00,DQO_REACTOR_BIO,532.8
2023-06-01 00:00:00,DQO_VERTIMIENTO,268.7
2023-06-07 00:00:00,DQO_REACTOR_BIO,451.4
2023-06-07 00:00:00,DQO_VERTIMIENTO,575.1
2023-06-08 00:00:00,DQO_REACTOR_BIO,608.4
2023-06-08 00:00:00,DQO_VERTIMIENTO,281.3
2023-06-09 00:00:00,DQO_REACTOR_BIO,663.2
2023-06-09 00:00:00,DQO_VERTIMIENTO,444.0
2023-06-11 00:00:00,DQO_REACTOR_BIO,917.7
2023-06-11 00:00:00,DQO_VERTIMIENTO,498.7
2023-06-13 00:00:00,DQO_REACTOR_BIO,641.4
2023-06-13 00:00:00,DQO_VERTIMIENTO,257.6
2023-06-14 00:00:00,DQO_REACTOR_BIO,735.6
2023-06-14 00:00:00,DQO_VERTIMIENTO,420.8
2023-06-15 00:00:00,DQO_REACTOR_BIO,703.4
2023-06-15 00:00:00,DQO_VERTIMIENTO,231.8
2023-06-17 00:00:00,DQO_REACTOR_BIO,669.3
2023-06-17 00:00:00,DQO_VERTIMIENTO,497.6
2023-06-19 00:00:00,DQO_REACTOR_BIO,400.0
2023-06-19 00:00:00,DQO_VERTIMIENTO,366.8
2023-06-20 00:00:00,DQO_REACTOR_BIO,793.3
2023-06-20 00:00:00,DQO_VERTIMIENTO,290.9
2023-06-24 00:00:00,DQO_REACTOR_BIO,807.8
2023-06-24 00:00:00,DQO_VERTIMIENTO,440.7
2023-06-25 00:00:00,DQO_REACTOR_BIO,896.5
2023-06-25 00:00:00,DQO_VERTIMIENTO,227.1
2023-06-26 00:00:00,DQO_REACTOR_BIO,548.3
2023-06-26 00:00:00,DQO_VERTIMIENTO,565.9
2023-06-28 00:00:00,DQO_REACTOR_BIO,722.6
2023-06-28 00:00:00,DQO_VERTIMIENTO,339.5
2023-06-29 00:00:00,DQO_REACTOR_BIO,789.3
2023-06-29 00:00:00,DQO_VERTIMIENTO,572.1
2023-07-01 00:00:00,DQO_REACTOR_BIO,819.7
2023-07-01 00:00:00,DQO_VERTIMIENTO,515.8
2023-07-03 00:00:00,DQO_REACTOR_BIO,482.7
2023-07-03 00:00:00,DQO_VERTIMIENTO,180.0
2023-07-04 00:00:00,DQO_REACTOR_BIO,822.6
2023-07-04 00:00:00,DQO_VERTIMIENTO,418.2
2023-07-05 00:00:00,DQO_REACTOR_BIO,953.3
2023-07-05 00:00:00,DQO_VERTIMIENTO,355.2
2023-07-09 00:00:00,DQO_REACTOR_BIO,796.6
2023-07-09 00:00:00,DQO_VERTIMIENTO,517.1
2023-07-11 00:00:00,DQO_REACTOR_BIO,622.0
2023-07-11 00:00:00,DQO_VERTIMIENTO,180.0
2023-07-12 00:00:00,DQO_REACTOR_BIO,516.2
2023-07-12 00:00:00,DQO_VERTIMIENTO,237.3
2023-07-15 00:00:00,DQO_REACTOR_BIO,737.1
2023-07-15 00:00:00,DQO_VERTIMIENTO,295.1
2023-07-16 00:00:00,DQO_REACTOR_BIO,828.1
2023-07-16 00:00:00,DQO_VERTIMIENTO,551.9
2023-07-17 00:00:00,DQO_REACTOR_BIO,596.3
2023-07-17 00:00:00,DQO_VERTIMIENTO,358.4
2023-07-19 00:00:00,DQO_REACTOR_BIO,579.9
2023-07-19 00:00:00,DQO_VERTIMIENTO,384.8
2023-07-22 00:00:00,DQO_REACTOR_BIO,521.2
2023-07-22 00:00:00,DQO_VERTIMIENTO,696.6
2023-07-23 00:00:00,DQO_REACTOR_BIO,808.3
2023-07-23 00:00:00,DQO_VERTIMIENTO,604.0
2023-07-24 00:00:00,DQO_REACTOR_BIO,400.0
2023-07-24 00:00:00,DQO_VERTIMIENTO,288.7
2023-07-27 00:00:00,DQO_REACTOR_BIO,1050.0
2023-07-27 00:00:00,DQO_VERTIMIENTO,337.0
2023-07-28 00:00:00,DQO_REACTOR_BIO,769.4
2023-07-28 00:00:00,DQO_VERTIMIENTO,261.2
2023-07-29 00:00:00,DQO_REACTOR_BIO,518.2
2023-07-29 00:00:00,DQO_VERTIMIENTO,273.7
2023-08-01 00:00:00,DQO_REACTOR_BIO,681.3
2023-08-01 00:00:00,DQO_VERTIMIENTO,180.0
2023-08-03 00:00:00,DQO_REACTOR_BIO,728.4
2023-08-03 00:00:00,DQO_VERTIMIENTO,180.0
2023-08-04 00:00:00,DQO_REACTOR_BIO,755.9
2023-08-04 00:00:00,DQO_VERTIMIENTO,667.8
2023-08-05 00:00:00,DQO_REACTOR_BIO,829.5
2023-08-05 00:00:00,DQO_VERTIMIENTO,223.7
2023-08-08 00:00:00,DQO_REACTOR_BIO,525.8
2023-08-08 00:00:00,DQO_VERTIMIENTO,441.5
2023-08-09 00:00:00,DQO_REACTOR_BIO,607.2
2023-08-09 00:00:00,DQO_VERTIMIENTO,344.6
2023-08-10 00:00:00,DQO_REACTOR_BIO,837.4
2023-08-10 00:00:00,DQO_VERTIMIENTO,230.0
2023-08-11 00:00:00,DQO_REACTOR_BIO,867.1
2023-08-11 00:00:00,DQO_VERTIMIENTO,483.2
2023-08-15 00:00:00,DQO_REACTOR_BIO,690.0
2023-08-15 00:00:00,DQO_VERTIMIENTO,550.0
2023-08-16 00:00:00,DQO_REACTOR_BIO,409.2
2023-08-16 00:00:00,DQO_VERTIMIENTO,436.9
2023-08-19 00:00:00,DQO_REACTOR_BIO,706.0
2023-08-19 00:00:00,DQO_VERTIMIENTO,299.4
2023-08-20 00:00:00,DQO_REACTOR_BIO,1047.7
2023-08-20 00:00:00,DQO_VERTIMIENTO,300.9
2023-08-21 00:00:00,DQO_REACTOR_BIO,639.0
2023-08-21 00:00:00,DQO_VERTIMIENTO,361.4
2023-08-22 00:00:00,DQO_REACTOR_BIO,810.8
2023-08-22 00:00:00,DQO_VERTIMIENTO,193.4
2023-08-23 00:00:00,DQO_REACTOR_BIO,782.4
2023-08-23 00:00:00,DQO_VERTIMIENTO,500.5
2023-08-26 00:00:00,DQO_REACTOR_BIO,737.7
2023-08-26 00:00:00,DQO_VERTIMIENTO,734.5
2023-08-28 00:00:00,DQO_REACTOR_BIO,574.0
2023-08-28 00:00:00,DQO_VERTIMIENTO,214.2
2023-08-31 00:00:00,DQO_REACTOR_BIO,542.6
2023-08-31 00:00:00,DQO_VERTIMIENTO,180.0
2023-09-01 00:00:00,DQO_REACTOR_BIO,905.9
2023-09-01 00:00:00,DQO_VERTIMIENTO,510.8
2023-09-02 00:00:00,DQO_REACTOR_BIO,682.4
2023-09-02 00:00:00,DQO_VERTIMIENTO,608.4
2023-09-05 00:00:00,DQO_REACTOR_BIO,692.4
2023-09-05 00:00:00,DQO_VERTIMIENTO,614.7
2023-09-06 00:00:00,DQO_REACTOR_BIO,736.9
2023-09-06 00:00:00,DQO_VERTIMIENTO,426.9
2023-09-09 00:00:00,DQO_REACTOR_BIO,462.8
2023-09-09 00:00:00,DQO_VERTIMIENTO,413.6
2023-09-10 00:00:00,DQO_REACTOR_BIO,897.2
2023-09-10 00:00:00,DQO_VERTIMIENTO,399.3
2023-09-13 00:00:00,DQO_REACTOR_BIO,677.4
2023-09-13 00:00:00,DQO_VERTIMIENTO,260.3
2023-09-14 00:00:00,DQO_REACTOR_BIO,625.7
2023-09-14 00:00:00,DQO_VERTIMIENTO,638.7
2023-09-15 00:00:00,DQO_REACTOR_BIO,668.5
2023-09-15 00:00:00,DQO_VERTIMIENTO,553.7
2023-09-16 00:00:00,DQO_REACTOR_BIO,729.1
2023-09-16 00:00:00,DQO_VERTIMIENTO,344.9
2023-09-20 00:00:00,DQO_REACTOR_BIO,576.9
2023-09-20 00:00:00,DQO_VERTIMIENTO,535.8
2023-09-21 00:00:00,DQO_REACTOR_BIO,400.0
2023-09-21 00:00:00,DQO_VERTIMIENTO,297.1
2023-09-23 00:00:00,DQO_REACTOR_BIO,780.3
2023-09-23 00:00:00,DQO_VERTIMIENTO,486.6
2023-09-24 00:00:00,DQO_REACTOR_BIO,696.5
2023-09-24 00:00:00,DQO_VERTIMIENTO,242.5
2023-09-26 00:00:00,DQO_REACTOR_BIO,657.8
2023-09-26 00:00:00,DQO_VERTIMIENTO,339.8
2023-09-27 00:00:00,DQO_REACTOR_BIO,849.3
2023-09-27 00:00:00,DQO_VERTIMIENTO,442.0
2023-09-28 00:00:00,DQO_REACTOR_BIO,590.8
2023-09-28 00:00:00,DQO_VERTIMIENTO,180.0
2023-10-01 00:00:00,DQO_REACTOR_BIO,619.1
2023-10-01 00:00:00,DQO_VERTIMIENTO,180.0
2023-10-02 00:00:00,DQO_REACTOR_BIO,657.1
2023-10-02 00:00:00,DQO_VERTIMIENTO,332.5
2023-10-05 00:00:00,DQO_REACTOR_BIO,919.2
2023-10-05 00:00:00,DQO_VERTIMIENTO,257.5
2023-10-07 00:00:00,DQO_REACTOR_BIO,567.4
2023-10-07 00:00:00,DQO_VERTIMIENTO,201.6
2023-10-08 00:00:00,DQO_REACTOR_BIO,673.8
2023-10-08 00:00:00,DQO_VERTIMIENTO,382.8
2023-10-11 00:00:00,DQO_REACTOR_BIO,637.0
2023-10-11 00:00:00,DQO_VERTIMIENTO,552.7
2023-10-12 00:00:00,DQO_REACTOR_BIO,940.0
2023-10-12 00:00:00,DQO_VERTIMIENTO,224.1
2023-10-13 00:00:00,DQO_REACTOR_BIO,453.8
2023-10-13 00:00:00,DQO_VERTIMIENTO,384.8
2023-10-14 00:00:00,DQO_REACTOR_BIO,858.6
2023-10-14 00:00:00,DQO_VERTIMIENTO,277.8
2023-10-16 00:00:00,DQO_REACTOR_BIO,970.9
2023-10-16 00:00:00,DQO_VERTIMIENTO,275.8
2023-10-17 00:00:00,DQO_REACTOR_BIO,443.8
2023-10-17 00:00:00,DQO_VERTIMIENTO,459.9
2023-10-21 00:00:00,DQO_REACTOR_BIO,519.4
2023-10-21 00:00:00,DQO_VERTIMIENTO,668.0
2023-10-22 00:00:00,DQO_REACTOR_BIO,766.7
2023-10-22 00:00:00,DQO_VERTIMIENTO,457.8
2023-10-23 00:00:00,DQO_REACTOR_BIO,667.2
2023-10-23 00:00:00,DQO_VERTIMIENTO,307.2
2023-10-24 00:00:00,DQO_REACTOR_BIO,800.6
2023-10-24 00:00:00,DQO_VERTIMIENTO,336.8
2023-10-28 00:00:00,DQO_REACTOR_BIO,675.6
2023-10-28 00:00:00,DQO_VERTIMIENTO,538.3
2023-10-29 00:00:00,DQO_REACTOR_BIO,595.5
2023-10-29 00:00:00,DQO_VERTIMIENTO,535.6
2023-10-30 00:00:00,DQO_REACTOR_BIO,729.3
2023-10-30 00:00:00,DQO_VERTIMIENTO,389.4
2023-10-31 00:00:00,DQO_REACTOR_BIO,909.7
2023-10-31 00:00:00,DQO_VERTIMIENTO,497.1
2023-11-02 00:00:00,DQO_REACTOR_BIO,622.3
2023-11-02 00:00:00,DQO_VERTIMIENTO,585.9
2023-11-04 00:00:00,DQO_REACTOR_BIO,611.6
2023-11-04 00:00:00,DQO_VERTIMIENTO,548.6
2023-11-06 00:00:00,DQO_REACTOR_BIO,871.0
2023-11-06 00:00:00,DQO_VERTIMIENTO,376.5
2023-11-08 00:00:00,DQO_REACTOR_BIO,489.2
2023-11-08 00:00:00,DQO_VERTIMIENTO,180.0
2023-11-09 00:00:00,DQO_REACTOR_BIO,677.0
2023-11-09 00:00:00,DQO_VERTIMIENTO,536.7
2023-11-12 00:00:00,DQO_REACTOR_BIO,802.5
2023-11-12 00:00:00,DQO_VERTIMIENTO,388.6
2023-11-13 00:00:00,DQO_REACTOR_BIO,723.8
2023-11-13 00:00:00,DQO_VERTIMIENTO,366.7
2023-11-15 00:00:00,DQO_REACTOR_BIO,624.6
2023-11-15 00:00:00,DQO_VERTIMIENTO,410.8
2023-11-16 00:00:00,DQO_REACTOR_BIO,565.2
2023-11-16 00:00:00,DQO_VERTIMIENTO,691.1
2023-11-18 00:00:00,DQO_REACTOR_BIO,862.4
2023-11-18 00:00:00,DQO_VERTIMIENTO,375.5
2023-11-20 00:00:00,DQO_REACTOR_BIO,780.9
2023-11-20 00:00:00,DQO_VERTIMIENTO,304.2
2023-11-21 00:00:00,DQO_REACTOR_BIO,551.0
2023-11-21 00:00:00,DQO_VERTIMIENTO,402.4
2023-11-25 00:00:00,DQO_REACTOR_BIO,947.2
2023-11-25 00:00:00,DQO_VERTIMIENTO,285.5
2023-11-26 00:00:00,DQO_REACTOR_BIO,804.3
2023-11-26 00:00:00,DQO_VERTIMIENTO,453.5
2023-11-28 00:00:00,DQO_REACTOR_BIO,685.0
2023-11-28 00:00:00,DQO_VERTIMIENTO,180.0
2023-12-01 00:00:00,DQO_REACTOR_BIO,593.1
2023-12-01 00:00:00,DQO_VERTIMIENTO,455.9
2023-12-02 00:00:00,DQO_REACTOR_BIO,692.1
2023-12-02 00:00:00,DQO_VERTIMIENTO,448.6
2023-12-03 00:00:00,DQO_REACTOR_BIO,595.9
2023-12-03 00:00:00,DQO_VERTIMIENTO,519.5
2023-12-05 00:00:00,DQO_REACTOR_BIO,623.0
2023-12-05 00:00:00,DQO_VERTIMIENTO,688.1
2023-12-06 00:00:00,DQO_REACTOR_BIO,726.8
2023-12-06 00:00:00,DQO_VERTIMIENTO,239.8
2023-12-08 00:00:00,DQO_REACTOR_BIO,726.6
2023-12-08 00:00:00,DQO_VERTIMIENTO,414.5
2023-12-09 00:00:00,DQO_REACTOR_BIO,400.0
2023-12-09 00:00:00,DQO_VERTIMIENTO,335.1
2023-12-12 00:00:00,DQO_REACTOR_BIO,860.0
2023-12-12 00:00:00,DQO_VERTIMIENTO,236.4
2023-12-14 00:00:00,DQO_REACTOR_BIO,557.7
2023-12-14 00:00:00,DQO_VERTIMIENTO,311.3
2023-12-16 00:00:00,DQO_REACTOR_BIO,638.1
2023-12-16 00:00:00,DQO_VERTIMIENTO,272.5
2023-12-17 00:00:00,DQO_REACTOR_BIO,984.8
2023-12-17 00:00:00,DQO_VERTIMIENTO,600.8
2023-12-18 00:00:00,DQO_REACTOR_BIO,581.4
2023-12-18 00:00:00,DQO_VERTIMIENTO,461.0
2023-12-19 00:00:00,DQO_REACTOR_BIO,645.1
2023-12-19 00:00:00,DQO_VERTIMIENTO,320.7
2023-12-22 00:00:00,DQO_REACTOR_BIO,669.6
2023-12-22 00:00:00,DQO_VERTIMIENTO,524.9
2023-12-24 00:00:00,DQO_REACTOR_BIO,870.6
2023-12-24 00:00:00,DQO_VERTIMIENTO,545.6
2023-12-27 00:00:00,DQO_REACTOR_BIO,551.0
2023-12-27 00:00:00,DQO_VERTIMIENTO,243.5
2023-12-28 00:00:00,DQO_REACTOR_BIO,700.5
2023-12-28 00:00:00,DQO_VERTIMIENTO,532.4
2023-12-30 00:00:00,DQO_REACTOR_BIO,722.0
2023-12-30 00:00:00,DQO_VERTIMIENTO,404.2
2023-12-31 00:00:00,DQO_REACTOR_BIO,871.3
2023-12-31 00:00:00,DQO_VERTIMIENTO,180.0
2024-01-01 00:00:00,DQO_REACTOR_BIO,706.7
2024-01-01 00:00:00,DQO_VERTIMIENTO,641.8
2024-01-03 00:00:00,DQO_REACTOR_BIO,679.3
2024-01-03 00:00:00,DQO_VERTIMIENTO,180.0
2024-01-06 00:00:00,DQO_REACTOR_BIO,755.9
2024-01-06 00:00:00,DQO_VERTIMIENTO,315.5
2024-01-07 00:00:00,DQO_REACTOR_BIO,701.0
2024-01-07 00:00:00,DQO_VERTIMIENTO,186.2
2024-01-08 00:00:00,DQO_REACTOR_BIO,400.0
2024-01-08 00:00:00,DQO_VERTIMIENTO,609.3
2024-01-09 00:00:00,DQO_REACTOR_BIO,815.4
2024-01-09 00:00:00,DQO_VERTIMIENTO,381.7
2024-01-12 00:00:00,DQO_REACTOR_BIO,660.6
2024-01-12 00:00:00,DQO_VERTIMIENTO,532.4
2024-01-13 00:00:00,DQO_REACTOR_BIO,1046.3
2024-01-13 00:00:00,DQO_VERTIMIENTO,404.7
2024-01-17 00:00:00,DQO_REACTOR_BIO,934.6
2024-01-17 00:00:00,DQO_VERTIMIENTO,401.8
2024-01-19 00:00:00,DQO_REACTOR_BIO,878.8
2024-01-19 00:00:00,DQO_VERTIMIENTO,300.3
2024-01-20 00:00:00,DQO_REACTOR_BIO,655.2
2024-01-20 00:00:00,DQO_VERTIMIENTO,595.2
2024-01-21 00:00:00,DQO_REACTOR_BIO,609.3
2024-01-21 00:00:00,DQO_VERTIMIENTO,548.4
2024-01-23 00:00:00,DQO_REACTOR_BIO,1019.2
2024-01-23 00:00:00,DQO_VERTIMIENTO,469.6
2024-01-24 00:00:00,DQO_REACTOR_BIO,678.9
2024-01-24 00:00:00,DQO_VERTIMIENTO,490.8
2024-01-26 00:00:00,DQO_REACTOR_BIO,889.4
2024-01-26 00:00:00,DQO_VERTIMIENTO,427.0
2024-01-28 00:00:00,DQO_REACTOR_BIO,751.9
2024-01-28 00:00:00,DQO_VERTIMIENTO,279.5
2024-01-30 00:00:00,DQO_REACTOR_BIO,663.3
2024-01-30 00:00:00,DQO_VERTIMIENTO,229.3
2024-01-31 00:00:00,DQO_REACTOR_BIO,400.0
2024-01-31 00:00:00,DQO_VERTIMIENTO,387.9
2024-02-03 00:00:00,DQO_REACTOR_BIO,829.1
2024-02-03 00:00:00,DQO_VERTIMIENTO,617.8
2024-02-04 00:00:00,DQO_REACTOR_BIO,644.0
2024-02-04 00:00:00,DQO_VERTIMIENTO,248.3
2024-02-05 00:00:00,DQO_REACTOR_BIO,706.5
2024-02-05 00:00:00,DQO_VERTIMIENTO,780.0
2024-02-07 00:00:00,DQO_REACTOR_BIO,641.6
2024-02-07 00:00:00,DQO_VERTIMIENTO,225.1
2024-02-08 00:00:00,DQO_REACTOR_BIO,1050.0
2024-02-08 00:00:00,DQO_VERTIMIENTO,393.9
2024-02-11 00:00:00,DQO_REACTOR_BIO,623.1
2024-02-11 00:00:00,DQO_VERTIMIENTO,271.5
2024-02-13 00:00:00,DQO_REACTOR_BIO,541.3
2024-02-13 00:00:00,DQO_VERTIMIENTO,526.6
2024-02-14 00:00:00,DQO_REACTOR_BIO,969.5
2024-02-14 00:00:00,DQO_VERTIMIENTO,215.1
2024-02-15 00:00:00,DQO_REACTOR_BIO,623.1
2024-02-15 00:00:00,DQO_VERTIMIENTO,208.8
2024-02-18 00:00:00,DQO_REACTOR_BIO,668.3
2024-02-18 00:00:00,DQO_VERTIMIENTO,450.2
2024-02-21 00:00:00,DQO_REACTOR_BIO,626.8
2024-02-21 00:00:00,DQO_VERTIMIENTO,503.0
2024-02-22 00:00:00,DQO_REACTOR_BIO,565.4
2024-02-22 00:00:00,DQO_VERTIMIENTO,422.3
2024-02-24 00:00:00,DQO_REACTOR_BIO,822.6
2024-02-24 00:00:00,DQO_VERTIMIENTO,408.5
2024-02-25 00:00:00,DQO_REACTOR_BIO,409.7
2024-02-25 00:00:00,DQO_VERTIMIENTO,403.5
2024-02-26 00:00:00,DQO_REACTOR_BIO,679.0
2024-02-26 00:00:00,DQO_VERTIMIENTO,471.7
2024-03-01 00:00:00,DQO_REACTOR_BIO,684.2
2024-03-01 00:00:00,DQO_VERTIMIENTO,268.4
2024-03-02 00:00:00,DQO_REACTOR_BIO,401.3
2024-03-02 00:00:00,DQO_VERTIMIENTO,563.1
2024-03-03 00:00:00,DQO_REACTOR_BIO,825.7
2024-03-03 00:00:00,DQO_VERTIMIENTO,507.9
2024-03-04 00:00:00,DQO_REACTOR_BIO,814.0
2024-03-04 00:00:00,DQO_VERTIMIENTO,597.3
2024-03-06 00:00:00,DQO_REACTOR_BIO,709.7
2024-03-06 00:00:00,DQO_VERTIMIENTO,353.2
2024-03-09 00:00:00,DQO_REACTOR_BIO,778.5
2024-03-09 00:00:00,DQO_VERTIMIENTO,541.8
2024-03-10 00:00:00,DQO_REACTOR_BIO,567.4
2024-03-10 00:00:00,DQO_VERTIMIENTO,260.9
2024-03-11 00:00:00,DQO_REACTOR_BIO,689.7
2024-03-11 00:00:00,DQO_VERTIMIENTO,180.0
2024-03-12 00:00:00,DQO_REACTOR_BIO,695.4
2024-03-12 00:00:00,DQO_VERTIMIENTO,591.2
2024-03-14 00:00:00,DQO_REACTOR_BIO,891.8
2024-03-14 00:00:00,DQO_VERTIMIENTO,513.5
2024-03-16 00:00:00,DQO_REACTOR_BIO,841.8
2024-03-16 00:00:00,DQO_VERTIMIENTO,474.9
2024-03-19 00:00:00,DQO_REACTOR_BIO,693.1
2024-03-19 00:00:00,DQO_VERTIMIENTO,427.2
2024-03-21 00:00:00,DQO_REACTOR_BIO,635.7
2024-03-21 00:00:00,DQO_VERTIMIENTO,324.5
2024-03-22 00:00:00,DQO_REACTOR_BIO,977.2
2024-03-22 00:00:00,DQO_VERTIMIENTO,489.3
2024-03-23 00:00:00,DQO_REACTOR_BIO,698.5
2024-03-23 00:00:00,DQO_VERTIMIENTO,701.2
2024-03-25 00:00:00,DQO_REACTOR_BIO,737.8
2024-03-25 00:00:00,DQO_VERTIMIENTO,265.5
2024-03-27 00:00:00,DQO_REACTOR_BIO,739.5
2024-03-27 00:00:00,DQO_VERTIMIENTO,346.3
2024-03-28 00:00:00,DQO_REACTOR_BIO,774.0
2024-03-28 00:00:00,DQO_VERTIMIENTO,289.2
2024-03-29 00:00:00,DQO_REACTOR_BIO,635.9
2024-03-29 00:00:00,DQO_VERTIMIENTO,646.6
2024-04-02 00:00:00,DQO_REACTOR_BIO,570.8
2024-04-02 00:00:00,DQO_VERTIMIENTO,331.6
2024-04-03 00:00:00,DQO_REACTOR_BIO,515.6
2024-04-03 00:00:00,DQO_VERTIMIENTO,489.1
2024-04-06 00:00:00,DQO_REACTOR_BIO,577.1
2024-04-06 00:00:00,DQO_VERTIMIENTO,326.1
2024-04-07 00:00:00,DQO_REACTOR_BIO,724.9
2024-04-07 00:00:00,DQO_VERTIMIENTO,634.8
2024-04-10 00:00:00,DQO_REACTOR_BIO,472.0
2024-04-10 00:00:00,DQO_VERTIMIENTO,238.5
2024-04-12 00:00:00,DQO_REACTOR_BIO,803.7
2024-04-12 00:00:00,DQO_VERTIMIENTO,321.2
2024-04-13 00:00:00,DQO_REACTOR_BIO,538.7
2024-04-13 00:00:00,DQO_VERTIMIENTO,343.4
2024-04-14 00:00:00,DQO_REACTOR_BIO,532.5
2024-04-14 00:00:00,DQO_VERTIMIENTO,203.8
2024-04-15 00:00:00,DQO_REACTOR_BIO,836.2
2024-04-15 00:00:00,DQO_VERTIMIENTO,517.4
2024-04-17 00:00:00,DQO_REACTOR_BIO,564.3
2024-04-17 00:00:00,DQO_VERTIMIENTO,545.6
2024-04-18 00:00:00,DQO_REACTOR_BIO,481.0
2024-04-18 00:00:00,DQO_VERTIMIENTO,405.3
2024-04-21 00:00:00,DQO_REACTOR_BIO,1032.4
2024-04-21 00:00:00,DQO_VERTIMIENTO,328.0
2024-04-22 00:00:00,DQO_REACTOR_BIO,843.4
2024-04-22 00:00:00,DQO_VERTIMIENTO,193.2
2024-04-25 00:00:00,DQO_REACTOR_BIO,570.5
2024-04-25 00:00:00,DQO_VERTIMIENTO,435.1
2024-04-27 00:00:00,DQO_REACTOR_BIO,707.2
2024-04-27 00:00:00,DQO_VERTIMIENTO,433.7
2024-04-28 00:00:00,DQO_REACTOR_BIO,905.2
2024-04-28 00:00:00,DQO_VERTIMIENTO,434.7
2024-04-30 00:00:00,DQO_REACTOR_BIO,575.1
2024-04-30 00:00:00,DQO_VERTIMIENTO,757.1
2024-05-01 00:00:00,DQO_REACTOR_BIO,527.2
2024-05-01 00:00:00,DQO_VERTIMIENTO,376.3
2024-05-03 00:00:00,DQO_REACTOR_BIO,400.0
2024-05-03 00:00:00,DQO_VERTIMIENTO,180.0
2024-05-05 00:00:00,DQO_REACTOR_BIO,428.9
2024-05-05 00:00:00,DQO_VERTIMIENTO,533.5
2024-05-06 00:00:00,DQO_REACTOR_BIO,1004.4
2024-05-06 00:00:00,DQO_VERTIMIENTO,469.4
2024-05-07 00:00:00,DQO_REACTOR_BIO,825.9
2024-05-07 00:00:00,DQO_VERTIMIENTO,406.2
2024-05-09 00:00:00,DQO_REACTOR_BIO,978.9
2024-05-09 00:00:00,DQO_VERTIMIENTO,435.0
2024-05-10 00:00:00,DQO_REACTOR_BIO,787.9
2024-05-10 00:00:00,DQO_VERTIMIENTO,544.9
2024-05-13 00:00:00,DQO_REACTOR_BIO,588.4
2024-05-13 00:00:00,DQO_VERTIMIENTO,421.7
2024-05-14 00:00:00,DQO_REACTOR_BIO,714.3
2024-05-14 00:00:00,DQO_VERTIMIENTO,208.9
2024-05-17 00:00:00,DQO_REACTOR_BIO,647.2
2024-05-17 00:00:00,DQO_VERTIMIENTO,578.2
2024-05-18 00:00:00,DQO_REACTOR_BIO,829.9
2024-05-18 00:00:00,DQO_VERTIMIENTO,575.3
2024-05-20 00:00:00,DQO_REACTOR_BIO,621.9
2024-05-20 00:00:00,DQO_VERTIMIENTO,359.1
2024-05-21 00:00:00,DQO_REACTOR_BIO,516.4
2024-05-21 00:00:00,DQO_VERTIMIENTO,189.1
2024-05-22 00:00:00,DQO_REACTOR_BIO,701.9
2024-05-22 00:00:00,DQO_VERTIMIENTO,469.0
2024-05-23 00:00:00,DQO_REACTOR_BIO,631.3
2024-05-23 00:00:00,DQO_VERTIMIENTO,508.5
2024-05-27 00:00:00,DQO_REACTOR_BIO,563.7
2024-05-27 00:00:00,DQO_VERTIMIENTO,361.4
2024-05-29 00:00:00,DQO_REACTOR_BIO,622.0
2024-05-29 00:00:00,DQO_VERTIMIENTO,576.9
2024-05-30 00:00:00,DQO_REACTOR_BIO,872.9
2024-05-30 00:00:00,DQO_VERTIMIENTO,628.6
2024-06-02 00:00:00,DQO_REACTOR_BIO,437.1
2024-06-02 00:00:00,DQO_VERTIMIENTO,500.4
2024-06-03 00:00:00,DQO_REACTOR_BIO,626.8
2024-06-03 00:00:00,DQO_VERTIMIENTO,180.0
2024-06-07 00:00:00,DQO_REACTOR_BIO,576.7
2024-06-07 00:00:00,DQO_VERTIMIENTO,467.9
2024-06-08 00:00:00,DQO_REACTOR_BIO,1050.0
2024-06-08 00:00:00,DQO_VERTIMIENTO,549.2
2024-06-09 00:00:00,DQO_REACTOR_BIO,939.0
2024-06-09 00:00:00,DQO_VERTIMIENTO,473.4
2024-06-10 00:00:00,DQO_REACTOR_BIO,629.3
2024-06-10 00:00:00,DQO_VERTIMIENTO,346.2
2024-06-13 00:00:00,DQO_REACTOR_BIO,749.7
2024-06-13 00:00:00,DQO_VERTIMIENTO,279.0
2024-06-14 00:00:00,DQO_REACTOR_BIO,400.0
2024-06-14 00:00:00,DQO_VERTIMIENTO,427.8
2024-06-16 00:00:00,DQO_REACTOR_BIO,587.7
2024-06-16 00:00:00,DQO_VERTIMIENTO,517.7
2024-06-17 00:00:00,DQO_REACTOR_BIO,655.1
2024-06-17 00:00:00,DQO_VERTIMIENTO,339.8
2024-06-19 00:00:00,DQO_REACTOR_BIO,483.4
2024-06-19 00:00:00,DQO_VERTIMIENTO,230.8
2024-06-20 00:00:00,DQO_REACTOR_BIO,635.9
2024-06-20 00:00:00,DQO_VERTIMIENTO,503.7
2024-06-22 00:00:00,DQO_REACTOR_BIO,800.8
2024-06-22 00:00:00,DQO_VERTIMIENTO,467.5
2024-06-24 00:00:00,DQO_REACTOR_BIO,749.1
2024-06-24 00:00:00,DQO_VERTIMIENTO,420.8
2024-06-25 00:00:00,DQO_REACTOR_BIO,570.0
2024-06-25 00:00:00,DQO_VERTIMIENTO,646.7
2024-06-26 00:00:00,DQO_REACTOR_BIO,878.4
2024-06-26 00:00:00,DQO_VERTIMIENTO,180.0
2024-06-28 00:00:00,DQO_REACTOR_BIO,683.9
2024-06-28 00:00:00,DQO_VERTIMIENTO,447.7
2024-07-02 00:00:00,DQO_REACTOR_BIO,700.2
2024-07-02 00:00:00,DQO_VERTIMIENTO,324.8
2024-07-03 00:00:00,DQO_REACTOR_BIO,498.4
2024-07-03 00:00:00,DQO_VERTIMIENTO,511.8
2024-07-05 00:00:00,DQO_REACTOR_BIO,727.5
2024-07-05 00:00:00,DQO_VERTIMIENTO,372.8
2024-07-06 00:00:00,DQO_REACTOR_BIO,806.8
2024-07-06 00:00:00,DQO_VERTIMIENTO,284.2
2024-07-08 00:00:00,DQO_REACTOR_BIO,655.0
2024-07-08 00:00:00,DQO_VERTIMIENTO,373.0
2024-07-12 00:00:00,DQO_REACTOR_BIO,940.8
2024-07-12 00:00:00,DQO_VERTIMIENTO,760.5
2024-07-13 00:00:00,DQO_REACTOR_BIO,701.3
2024-07-13 00:00:00,DQO_VERTIMIENTO,348.2
2024-07-14 00:00:00,DQO_REACTOR_BIO,711.3
2024-07-14 00:00:00,DQO_VERTIMIENTO,180.0
2024-07-15 00:00:00,DQO_REACTOR_BIO,650.1
2024-07-15 00:00:00,DQO_VERTIMIENTO,403.0
2024-07-16 00:00:00,DQO_REACTOR_BIO,909.9
2024-07-16 00:00:00,DQO_VERTIMIENTO,661.3
2024-07-19 00:00:00,DQO_REACTOR_BIO,832.2
2024-07-19 00:00:00,DQO_VERTIMIENTO,180.0
2024-07-20 00:00:00,DQO_REACTOR_BIO,939.0
2024-07-20 00:00:00,DQO_VERTIMIENTO,456.4
2024-07-22 00:00:00,DQO_REACTOR_BIO,497.0
2024-07-22 00:00:00,DQO_VERTIMIENTO,438.9
2024-07-23 00:00:00,DQO_REACTOR_BIO,868.3
2024-07-23 00:00:00,DQO_VERTIMIENTO,400.0
2024-07-26 00:00:00,DQO_REACTOR_BIO,570.3
2024-07-26 00:00:00,DQO_VERTIMIENTO,371.3
2024-07-27 00:00:00,DQO_REACTOR_BIO,649.6
2024-07-27 00:00:00,DQO_VERTIMIENTO,679.8
2024-07-29 00:00:00,DQO_REACTOR_BIO,608.9
2024-07-29 00:00:00,DQO_VERTIMIENTO,399.2
2024-08-01 00:00:00,DQO_REACTOR_BIO,616.6
2024-08-01 00:00:00,DQO_VERTIMIENTO,294.1
2024-08-02 00:00:00,DQO_REACTOR_BIO,750.8
2024-08-02 00:00:00,DQO_VERTIMIENTO,522.4
2024-08-03 00:00:00,DQO_REACTOR_BIO,640.2
2024-08-03 00:00:00,DQO_VERTIMIENTO,382.9
2024-08-06 00:00:00,DQO_REACTOR_BIO,983.4
2024-08-06 00:00:00,DQO_VERTIMIENTO,382.9
2024-08-08 00:00:00,DQO_REACTOR_BIO,524.3
2024-08-08 00:00:00,DQO_VERTIMIENTO,517.3
2024-08-09 00:00:00,DQO_REACTOR_BIO,809.9
2024-08-09 00:00:00,DQO_VERTIMIENTO,180.0
2024-08-10 00:00:00,DQO_REACTOR_BIO,400.0
2024-08-10 00:00:00,DQO_VERTIMIENTO,485.7
2024-08-12 00:00:00,DQO_REACTOR_BIO,843.7
2024-08-12 00:00:00,DQO_VERTIMIENTO,180.0
2024-08-14 00:00:00,DQO_REACTOR_BIO,664.8
2024-08-14 00:00:00,DQO_VERTIMIENTO,509.8
2024-08-16 00:00:00,DQO_REACTOR_BIO,557.8
2024-08-16 00:00:00,DQO_VERTIMIENTO,276.0
2024-08-18 00:00:00,DQO_REACTOR_BIO,620.0
2024-08-18 00:00:00,DQO_VERTIMIENTO,438.5
2024-08-20 00:00:00,DQO_REACTOR_BIO,1050.0
2024-08-20 00:00:00,DQO_VERTIMIENTO,215.1
2024-08-21 00:00:00,DQO_REACTOR_BIO,765.8
2024-08-21 00:00:00,DQO_VERTIMIENTO,461.5
2024-08-24 00:00:00,DQO_REACTOR_BIO,402.5
2024-08-24 00:00:00,DQO_VERTIMIENTO,447.4
2024-08-25 00:00:00,DQO_REACTOR_BIO,564.4
2024-08-25 00:00:00,DQO_VERTIMIENTO,286.9
2024-08-27 00:00:00,DQO_REACTOR_BIO,602.2
2024-08-27 00:00:00,DQO_VERTIMIENTO,425.9
2024-08-29 00:00:00,DQO_REACTOR_BIO,689.9
2024-08-29 00:00:00,DQO_VERTIMIENTO,269.0
2024-08-31 00:00:00,DQO_REACTOR_BIO,628.2
2024-08-31 00:00:00,DQO_VERTIMIENTO,353.3
2024-09-01 00:00:00,DQO_REACTOR_BIO,607.4
2024-09-01 00:00:00,DQO_VERTIMIENTO,180.0
2024-09-02 00:00:00,DQO_REACTOR_BIO,949.3
2024-09-02 00:00:00,DQO_VERTIMIENTO,375.6
2024-09-03 00:00:00,DQO_REACTOR_BIO,815.8
2024-09-03 00:00:00,DQO_VERTIMIENTO,504.1
2024-09-04 00:00:00,DQO_REACTOR_BIO,646.9
2024-09-04 00:00:00,DQO_VERTIMIENTO,180.0
2024-09-07 00:00:00,DQO_REACTOR_BIO,852.3
2024-09-07 00:00:00,DQO_VERTIMIENTO,506.8
2024-09-10 00:00:00,DQO_REACTOR_BIO,770.5
2024-09-10 00:00:00,DQO_VERTIMIENTO,507.0
2024-09-12 00:00:00,DQO_REACTOR_BIO,934.5
2024-09-12 00:00:00,DQO_VERTIMIENTO,534.1
2024-09-13 00:00:00,DQO_REACTOR_BIO,701.9
2024-09-13 00:00:00,DQO_VERTIMIENTO,363.8
2024-09-15 00:00:00,DQO_REACTOR_BIO,850.4
2024-09-15 00:00:00,DQO_VERTIMIENTO,344.4
2024-09-17 00:00:00,DQO_REACTOR_BIO,786.4
2024-09-17 00:00:00,DQO_VERTIMIENTO,714.8
2024-09-20 00:00:00,DQO_REACTOR_BIO,884.5
2024-09-20 00:00:00,DQO_VERTIMIENTO,180.0
2024-09-21 00:00:00,DQO_REACTOR_BIO,772.7
2024-09-21 00:00:00,DQO_VERTIMIENTO,742.1
2024-09-22 00:00:00,DQO_REACTOR_BIO,703.4
2024-09-22 00:00:00,DQO_VERTIMIENTO,256.8
2024-09-23 00:00:00,DQO_REACTOR_BIO,652.2
2024-09-23 00:00:00,DQO_VERTIMIENTO,425.1
2024-09-27 00:00:00,DQO_REACTOR_BIO,570.6
2024-09-27 00:00:00,DQO_VERTIMIENTO,586.4
2024-09-28 00:00:00,DQO_REACTOR_BIO,656.8
2024-09-28 00:00:00,DQO_VERTIMIENTO,353.8
2024-09-29 00:00:00,DQO_REACTOR_BIO,958.1
2024-09-29 00:00:00,DQO_VERTIMIENTO,204.5
2024-10-02 00:00:00,DQO_REACTOR_BIO,790.7
2024-10-02 00:00:00,DQO_VERTIMIENTO,477.8
2024-10-04 00:00:00,DQO_REACTOR_BIO,607.2
2024-10-04 00:00:00,DQO_VERTIMIENTO,423.9
2024-10-05 00:00:00,DQO_REACTOR_BIO,896.6
2024-10-05 00:00:00,DQO_VERTIMIENTO,192.9
2024-10-06 00:00:00,DQO_REACTOR_BIO,734.2
2024-10-06 00:00:00,DQO_VERTIMIENTO,569.4
2024-10-07 00:00:00,DQO_REACTOR_BIO,793.7
2024-10-07 00:00:00,DQO_VERTIMIENTO,269.4
2024-10-08 00:00:00,DQO_REACTOR_BIO,651.6
2024-10-08 00:00:00,DQO_VERTIMIENTO,220.8
2024-10-10 00:00:00,DQO_REACTOR_BIO,611.4
2024-10-10 00:00:00,DQO_VERTIMIENTO,180.0
2024-10-12 00:00:00,DQO_REACTOR_BIO,754.6
2024-10-12 00:00:00,DQO_VERTIMIENTO,365.5
2024-10-14 00:00:00,DQO_REACTOR_BIO,665.1
2024-10-14 00:00:00,DQO_VERTIMIENTO,243.6
2024-10-15 00:00:00,DQO_REACTOR_BIO,635.4
2024-10-15 00:00:00,DQO_VERTIMIENTO,601.9
2024-10-17 00:00:00,DQO_REACTOR_BIO,896.8
2024-10-17 00:00:00,DQO_VERTIMIENTO,350.9
2024-10-20 00:00:00,DQO_REACTOR_BIO,921.2
2024-10-20 00:00:00,DQO_VERTIMIENTO,180.0
2024-10-21 00:00:00,DQO_REACTOR_BIO,724.7
2024-10-21 00:00:00,DQO_VERTIMIENTO,205.3
2024-10-23 00:00:00,DQO_REACTOR_BIO,799.6
2024-10-23 00:00:00,DQO_VERTIMIENTO,372.5
2024-10-24 00:00:00,DQO_REACTOR_BIO,713.0
2024-10-24 00:00:00,DQO_VERTIMIENTO,289.0
2024-10-26 00:00:00,DQO_REACTOR_BIO,556.6
2024-10-26 00:00:00,DQO_VERTIMIENTO,467.3
2024-10-28 00:00:00,DQO_REACTOR_BIO,550.1
2024-10-28 00:00:00,DQO_VERTIMIENTO,396.2
2024-10-30 00:00:00,DQO_REACTOR_BIO,910.7
2024-10-30 00:00:00,DQO_VERTIMIENTO,518.9
2024-11-01 00:00:00,DQO_REACTOR_BIO,858.8
2024-11-01 00:00:00,DQO_VERTIMIENTO,546.7
2024-11-02 00:00:00,DQO_REACTOR_BIO,481.1
2024-11-02 00:00:00,DQO_VERTIMIENTO,473.1
2024-11-04 00:00:00,DQO_REACTOR_BIO,750.2
2024-11-04 00:00:00,DQO_VERTIMIENTO,233.0
2024-11-05 00:00:00,DQO_REACTOR_BIO,838.4
2024-11-05 00:00:00,DQO_VERTIMIENTO,576.6
2024-11-07 00:00:00,DQO_REACTOR_BIO,865.7
2024-11-07 00:00:00,DQO_VERTIMIENTO,651.7
2024-11-10 00:00:00,DQO_REACTOR_BIO,685.3
2024-11-10 00:00:00,DQO_VERTIMIENTO,388.1
2024-11-11 00:00:00,DQO_REACTOR_BIO,734.2
2024-11-11 00:00:00,DQO_VERTIMIENTO,550.4
2024-11-12 00:00:00,DQO_REACTOR_BIO,522.4
2024-11-12 00:00:00,DQO_VERTIMIENTO,274.0
2024-11-13 00:00:00,DQO_REACTOR_BIO,729.2
2024-11-13 00:00:00,DQO_VERTIMIENTO,501.5
2024-11-17 00:00:00,DQO_REACTOR_BIO,700.4
2024-11-17 00:00:00,DQO_VERTIMIENTO,362.6
2024-11-19 00:00:00,DQO_REACTOR_BIO,620.0
2024-11-19 00:00:00,DQO_VERTIMIENTO,664.0
2024-11-20 00:00:00,DQO_REACTOR_BIO,648.7
2024-11-20 00:00:00,DQO_VERTIMIENTO,423.3
2024-11-23 00:00:00,DQO_REACTOR_BIO,557.9
2024-11-23 00:00:00,DQO_VERTIMIENTO,423.3
2024-11-24 00:00:00,DQO_REACTOR_BIO,587.8
2024-11-24 00:00:00,DQO_VERTIMIENTO,559.8
2024-11-26 00:00:00,DQO_REACTOR_BIO,804.7
2024-11-26 00:00:00,DQO_VERTIMIENTO,267.4
2024-11-27 00:00:00,DQO_REACTOR_BIO,567.0
2024-11-27 00:00:00,DQO_VERTIMIENTO,311.9
2024-11-28 00:00:00,DQO_REACTOR_BIO,786.8
2024-11-28 00:00:00,DQO_VERTIMIENTO,439.0
2024-12-01 00:00:00,DQO_REACTOR_BIO,442.9
2024-12-01 00:00:00,DQO_VERTIMIENTO,586.0
2024-12-02 00:00:00,DQO_REACTOR_BIO,806.0
2024-12-02 00:00:00,DQO_VERTIMIENTO,369.9
2024-12-04 00:00:00,DQO_REACTOR_BIO,866.8
2024-12-04 00:00:00,DQO_VERTIMIENTO,333.4
2024-12-06 00:00:00,DQO_REACTOR_BIO,745.3
2024-12-06 00:00:00,DQO_VERTIMIENTO,583.2
2024-12-07 00:00:00,DQO_REACTOR_BIO,888.8
2024-12-07 00:00:00,DQO_VERTIMIENTO,507.4
2024-12-10 00:00:00,DQO_REACTOR_BIO,674.7
2024-12-10 00:00:00,DQO_VERTIMIENTO,513.3
2024-12-11 00:00:00,DQO_REACTOR_BIO,455.6
2024-12-11 00:00:00,DQO_VERTIMIENTO,180.0
2024-12-12 00:00:00,DQO_REACTOR_BIO,647.3
2024-12-12 00:00:00,DQO_VERTIMIENTO,404.0
2024-12-13 00:00:00,DQO_REACTOR_BIO,1050.0
2024-12-13 00:00:00,DQO_VERTIMIENTO,260.3
2024-12-17 00:00:00,DQO_REACTOR_BIO,682.4
2024-12-17 00:00:00,DQO_VERTIMIENTO,360.3
2024-12-18 00:00:00,DQO_REACTOR_BIO,897.3
2024-12-18 00:00:00,DQO_VERTIMIENTO,386.4
2024-12-19 00:00:00,DQO_REACTOR_BIO,715.6
2024-12-19 00:00:00,DQO_VERTIMIENTO,455.6
2024-12-21 00:00:00,DQO_REACTOR_BIO,731.9
2024-12-21 00:00:00,DQO_VERTIMIENTO,312.8
2024-12-24 00:00:00,DQO_REACTOR_BIO,1050.0
2024-12-24 00:00:00,DQO_VERTIMIENTO,316.1
2024-12-26 00:00:00,DQO_REACTOR_BIO,751.0
2024-12-26 00:00:00,DQO_VERTIMIENTO,565.5
2024-12-27 00:00:00,DQO_REACTOR_BIO,595.4
2024-12-27 00:00:00,DQO_VERTIMIENTO,363.3
2024-12-29 00:00:00,DQO_REACTOR_BIO,692.3
2024-12-29 00:00:00,DQO_VERTIMIENTO,194.1
2025-01-02 00:00:00,DQO_REACTOR_BIO,916.1
2025-01-02 00:00:00,DQO_VERTIMIENTO,460.8
2025-01-03 00:00:00,DQO_REACTOR_BIO,409.0
2025-01-03 00:00:00,DQO_VERTIMIENTO,340.5
2025-01-04 00:00:00,DQO_REACTOR_BIO,400.0
2025-01-04 00:00:00,DQO_VERTIMIENTO,379.6
2025-01-05 00:00:00,DQO_REACTOR_BIO,569.7
2025-01-05 00:00:00,DQO_VERTIMIENTO,407.3
2025-01-06 00:00:00,DQO_REACTOR_BIO,645.9
2025-01-06 00:00:00,DQO_VERTIMIENTO,478.8
2025-01-08 00:00:00,DQO_REACTOR_BIO,933.9
2025-01-08 00:00:00,DQO_VERTIMIENTO,343.5
2025-01-10 00:00:00,DQO_REACTOR_BIO,607.4
2025-01-10 00:00:00,DQO_VERTIMIENTO,531.0
2025-01-12 00:00:00,DQO_REACTOR_BIO,698.8
2025-01-12 00:00:00,DQO_VERTIMIENTO,387.4
2025-01-14 00:00:00,DQO_REACTOR_BIO,668.6
2025-01-14 00:00:00,DQO_VERTIMIENTO,428.5
2025-01-15 00:00:00,DQO_REACTOR_BIO,400.0
2025-01-15 00:00:00,DQO_VERTIMIENTO,568.6
2025-01-16 00:00:00,DQO_REACTOR_BIO,711.6
2025-01-16 00:00:00,DQO_VERTIMIENTO,376.5
2025-01-17 00:00:00,DQO_REACTOR_BIO,400.0
2025-01-17 00:00:00,DQO_VERTIMIENTO,301.3
2025-01-20 00:00:00,DQO_REACTOR_BIO,584.3
2025-01-20 00:00:00,DQO_VERTIMIENTO,389.2
2025-01-21 00:00:00,DQO_REACTOR_BIO,627.3
2025-01-21 00:00:00,DQO_VERTIMIENTO,381.5
2025-01-23 00:00:00,DQO_REACTOR_BIO,617.6
2025-01-23 00:00:00,DQO_VERTIMIENTO,451.4
2025-01-25 00:00:00,DQO_REACTOR_BIO,881.4
2025-01-25 00:00:00,DQO_VERTIMIENTO,721.3
2025-01-27 00:00:00,DQO_REACTOR_BIO,685.6
2025-01-27 00:00:00,DQO_VERTIMIENTO,361.9
2025-01-31 00:00:00,DQO_REACTOR_BIO,933.8
2025-01-31 00:00:00,DQO_VERTIMIENTO,566.2
2025-02-01 00:00:00,DQO_REACTOR_BIO,785.8
2025-02-01 00:00:00,DQO_VERTIMIENTO,312.9
2025-02-02 00:00:00,DQO_REACTOR_BIO,694.7
2025-02-02 00:00:00,DQO_VERTIMIENTO,247.7
2025-02-04 00:00:00,DQO_REACTOR_BIO,529.7
2025-02-04 00:00:00,DQO_VERTIMIENTO,358.5
2025-02-06 00:00:00,DQO_REACTOR_BIO,695.2
2025-02-06 00:00:00,DQO_VERTIMIENTO,554.2
2025-02-07 00:00:00,DQO_REACTOR_BIO,714.8
2025-02-07 00:00:00,DQO_VERTIMIENTO,513.0
2025-02-09 00:00:00,DQO_REACTOR_BIO,772.7
2025-02-09 00:00:00,DQO_VERTIMIENTO,399.7
2025-02-12 00:00:00,DQO_REACTOR_BIO,805.1
2025-02-12 00:00:00,DQO_VERTIMIENTO,488.1
2025-02-13 00:00:00,DQO_REACTOR_BIO,400.0
2025-02-13 00:00:00,DQO_VERTIMIENTO,250.5
2025-02-15 00:00:00,DQO_REACTOR_BIO,760.8
2025-02-15 00:00:00,DQO_VERTIMIENTO,363.3
2025-02-16 00:00:00,DQO_REACTOR_BIO,545.8
2025-02-16 00:00:00,DQO_VERTIMIENTO,453.7
2025-02-17 00:00:00,DQO_REACTOR_BIO,574.2
2025-02-17 00:00:00,DQO_VERTIMIENTO,288.7
2025-02-18 00:00:00,DQO_REACTOR_BIO,703.7
2025-02-18 00:00:00,DQO_VERTIMIENTO,393.8
2025-02-20 00:00:00,DQO_REACTOR_BIO,929.8
2025-02-20 00:00:00,DQO_VERTIMIENTO,430.3
2025-02-21 00:00:00,DQO_REACTOR_BIO,562.0
2025-02-21 00:00:00,DQO_VERTIMIENTO,280.2
2025-02-24 00:00:00,DQO_REACTOR_BIO,701.0
2025-02-24 00:00:00,DQO_VERTIMIENTO,239.6
2025-02-25 00:00:00,DQO_REACTOR_BIO,688.6
2025-02-25 00:00:00,DQO_VERTIMIENTO,180.0
2025-02-27 00:00:00,DQO_REACTOR_BIO,713.1
2025-02-27 00:00:00,DQO_VERTIMIENTO,703.0
2025-03-01 00:00:00,DQO_REACTOR_BIO,872.5
2025-03-01 00:00:00,DQO_VERTIMIENTO,180.0
2025-03-04 00:00:00,DQO_REACTOR_BIO,725.6
2025-03-04 00:00:00,DQO_VERTIMIENTO,291.4
2025-03-05 00:00:00,DQO_REACTOR_BIO,831.6
2025-03-05 00:00:00,DQO_VERTIMIENTO,500.2
2025-03-06 00:00:00,DQO_REACTOR_BIO,826.0
2025-03-06 00:00:00,DQO_VERTIMIENTO,180.0
2025-03-07 00:00:00,DQO_REACTOR_BIO,731.8
2025-03-07 00:00:00,DQO_VERTIMIENTO,318.2
2025-03-10 00:00:00,DQO_REACTOR_BIO,996.1
2025-03-10 00:00:00,DQO_VERTIMIENTO,317.5
2025-03-14 00:00:00,DQO_REACTOR_BIO,576.0
2025-03-14 00:00:00,DQO_VERTIMIENTO,180.0
2025-03-15 00:00:00,DQO_REACTOR_BIO,747.8
2025-03-15 00:00:00,DQO_VERTIMIENTO,328.4
2025-03-16 00:00:00,DQO_REACTOR_BIO,606.3
2025-03-16 00:00:00,DQO_VERTIMIENTO,293.0
2025-03-17 00:00:00,DQO_REACTOR_BIO,670.7
2025-03-17 00:00:00,DQO_VERTIMIENTO,278.5
2025-03-18 00:00:00,DQO_REACTOR_BIO,723.2
2025-03-18 00:00:00,DQO_VERTIMIENTO,212.7
2025-03-19 00:00:00,DQO_REACTOR_BIO,640.1
2025-03-19 00:00:00,DQO_VERTIMIENTO,206.7
2025-03-22 00:00:00,DQO_REACTOR_BIO,680.4
2025-03-22 00:00:00,DQO_VERTIMIENTO,357.7
2025-03-24 00:00:00,DQO_REACTOR_BIO,962.1
2025-03-24 00:00:00,DQO_VERTIMIENTO,427.7
2025-03-25 00:00:00,DQO_REACTOR_BIO,689.4
2025-03-25 00:00:00,DQO_VERTIMIENTO,270.7
2025-03-26 00:00:00,DQO_REACTOR_BIO,465.7
2025-03-26 00:00:00,DQO_VERTIMIENTO,272.4
2025-03-27 00:00:00,DQO_REACTOR_BIO,657.9
2025-03-27 00:00:00,DQO_VERTIMIENTO,355.3
2025-04-01 00:00:00,DQO_REACTOR_BIO,899.3
2025-04-01 00:00:00,DQO_VERTIMIENTO,292.9
2025-04-02 00:00:00,DQO_REACTOR_BIO,737.3
2025-04-02 00:00:00,DQO_VERTIMIENTO,440.5
2025-04-05 00:00:00,DQO_REACTOR_BIO,667.6
2025-04-05 00:00:00,DQO_VERTIMIENTO,539.0
2025-04-06 00:00:00,DQO_REACTOR_BIO,722.4
2025-04-06 00:00:00,DQO_VERTIMIENTO,421.3
2025-04-08 00:00:00,DQO_REACTOR_BIO,742.8
2025-04-08 00:00:00,DQO_VERTIMIENTO,205.1
2025-04-10 00:00:00,DQO_REACTOR_BIO,684.0
2025-04-10 00:00:00,DQO_VERTIMIENTO,439.9
2025-04-12 00:00:00,DQO_REACTOR_BIO,534.5
2025-04-12 00:00:00,DQO_VERTIMIENTO,489.9
2025-04-13 00:00:00,DQO_REACTOR_BIO,602.7
2025-04-13 00:00:00,DQO_VERTIMIENTO,320.7
2025-04-14 00:00:00,DQO_REACTOR_BIO,602.4
2025-04-14 00:00:00,DQO_VERTIMIENTO,547.9
2025-04-15 00:00:00,DQO_REACTOR_BIO,539.1
2025-04-15 00:00:00,DQO_VERTIMIENTO,281.8
2025-04-17 00:00:00,DQO_REACTOR_BIO,917.0
2025-04-17 00:00:00,DQO_VERTIMIENTO,531.5
2025-04-18 00:00:00,DQO_REACTOR_BIO,619.2
2025-04-18 00:00:00,DQO_VERTIMIENTO,384.9
2025-04-22 00:00:00,DQO_REACTOR_BIO,627.4
2025-04-22 00:00:00,DQO_VERTIMIENTO,419.3
2025-04-25 00:00:00,DQO_REACTOR_BIO,563.4
2025-04-25 00:00:00,DQO_VERTIMIENTO,328.7
2025-04-26 00:00:00,DQO_REACTOR_BIO,1013.7
2025-04-26 00:00:00,DQO_VERTIMIENTO,421.4
2025-04-27 00:00:00,DQO_REACTOR_BIO,892.4
2025-04-27 00:00:00,DQO_VERTIMIENTO,395.0
2025-04-28 00:00:00,DQO_REACTOR_BIO,585.8
2025-04-28 00:00:00,DQO_VERTIMIENTO,643.1
2025-05-01 00:00:00,DQO_REACTOR_BIO,592.6
2025-05-01 00:00:00,DQO_VERTIMIENTO,307.9
2025-05-03 00:00:00,DQO_REACTOR_BIO,828.9
2025-05-03 00:00:00,DQO_VERTIMIENTO,341.5
2025-05-04 00:00:00,DQO_REACTOR_BIO,900.6
2025-05-04 00:00:00,DQO_VERTIMIENTO,372.4
2025-05-07 00:00:00,DQO_REACTOR_BIO,790.4
2025-05-07 00:00:00,DQO_VERTIMIENTO,382.0
2025-05-08 00:00:00,DQO_REACTOR_BIO,458.1
2025-05-08 00:00:00,DQO_VERTIMIENTO,275.6
2025-05-09 00:00:00,DQO_REACTOR_BIO,876.4
2025-05-09 00:00:00,DQO_VERTIMIENTO,483.7
2025-05-11 00:00:00,DQO_REACTOR_BIO,764.3
2025-05-11 00:00:00,DQO_VERTIMIENTO,421.0
2025-05-12 00:00:00,DQO_REACTOR_BIO,729.4
2025-05-12 00:00:00,DQO_VERTIMIENTO,698.1
2025-05-14 00:00:00,DQO_REACTOR_BIO,468.9
2025-05-14 00:00:00,DQO_VERTIMIENTO,461.1
2025-05-16 00:00:00,DQO_REACTOR_BIO,715.2
2025-05-16 00:00:00,DQO_VERTIMIENTO,515.3
2025-05-17 00:00:00,DQO_REACTOR_BIO,531.2
2025-05-17 00:00:00,DQO_VERTIMIENTO,411.0
2025-05-19 00:00:00,DQO_REACTOR_BIO,845.3
2025-05-19 00:00:00,DQO_VERTIMIENTO,180.0
2025-05-20 00:00:00,DQO_REACTOR_BIO,714.4
2025-05-20 00:00:00,DQO_VERTIMIENTO,396.2
2025-05-21 00:00:00,DQO_REACTOR_BIO,658.4
2025-05-21 00:00:00,DQO_VERTIMIENTO,431.7
2025-05-25 00:00:00,DQO_REACTOR_BIO,781.5
2025-05-25 00:00:00,DQO_VERTIMIENTO,733.8
2025-05-27 00:00:00,DQO_REACTOR_BIO,769.3
2025-05-27 00:00:00,DQO_VERTIMIENTO,313.3
2025-05-28 00:00:00,DQO_REACTOR_BIO,875.4
2025-05-28 00:00:00,DQO_VERTIMIENTO,396.7
2025-05-30 00:00:00,DQO_REACTOR_BIO,688.0
2025-05-30 00:00:00,DQO_VERTIMIENTO,180.0
2025-06-01 00:00:00,DQO_REACTOR_BIO,648.5
2025-06-01 00:00:00,DQO_VERTIMIENTO,456.2
2025-06-03 00:00:00,DQO_REACTOR_BIO,774.8
2025-06-03 00:00:00,DQO_VERTIMIENTO,348.4
2025-06-05 00:00:00,DQO_REACTOR_BIO,713.8
2025-06-05 00:00:00,DQO_VERTIMIENTO,325.6
2025-06-06 00:00:00,DQO_REACTOR_BIO,822.6
2025-06-06 00:00:00,DQO_VERTIMIENTO,301.7
2025-06-07 00:00:00,DQO_REACTOR_BIO,883.7
2025-06-07 00:00:00,DQO_VERTIMIENTO,450.7
2025-06-10 00:00:00,DQO_REACTOR_BIO,841.7
2025-06-10 00:00:00,DQO_VERTIMIENTO,482.8
2025-06-12 00:00:00,DQO_REACTOR_BIO,800.3
2025-06-12 00:00:00,DQO_VERTIMIENTO,361.6
2025-06-13 00:00:00,DQO_REACTOR_BIO,487.1
2025-06-13 00:00:00,DQO_VERTIMIENTO,514.0
2025-06-14 00:00:00,DQO_REACTOR_BIO,820.6
2025-06-14 00:00:00,DQO_VERTIMIENTO,448.4
2025-06-17 00:00:00,DQO_REACTOR_BIO,641.3
2025-06-17 00:00:00,DQO_VERTIMIENTO,780.0
2025-06-19 00:00:00,DQO_REACTOR_BIO,550.8
2025-06-19 00:00:00,DQO_VERTIMIENTO,309.8
2025-06-20 00:00:00,DQO_REACTOR_BIO,666.9
2025-06-20 00:00:00,DQO_VERTIMIENTO,460.2
2025-06-22 00:00:00,DQO_REACTOR_BIO,552.4
2025-06-22 00:00:00,DQO_VERTIMIENTO,436.2
2025-06-24 00:00:00,DQO_REACTOR_BIO,715.7
2025-06-24 00:00:00,DQO_VERTIMIENTO,577.4
2025-06-26 00:00:00,DQO_REACTOR_BIO,586.2
2025-06-26 00:00:00,DQO_VERTIMIENTO,387.7
2025-06-27 00:00:00,DQO_REACTOR_BIO,680.9
2025-06-27 00:00:00,DQO_VERTIMIENTO,600.9
2025-06-28 00:00:00,DQO_REACTOR_BIO,732.2
2025-06-28 00:00:00,DQO_VERTIMIENTO,305.7
2025-06-30 00:00:00,DQO_REACTOR_BIO,443.9
2025-06-30 00:00:00,DQO_VERTIMIENTO,297.5
2025-07-02 00:00:00,DQO_REACTOR_BIO,748.3
2025-07-02 00:00:00,DQO_VERTIMIENTO,462.1
2025-07-04 00:00:00,DQO_REACTOR_BIO,738.3
2025-07-04 00:00:00,DQO_VERTIMIENTO,780.0
2025-07-05 00:00:00,DQO_REACTOR_BIO,624.1
2025-07-05 00:00:00,DQO_VERTIMIENTO,314.3
2025-07-07 00:00:00,DQO_REACTOR_BIO,788.4
2025-07-07 00:00:00,DQO_VERTIMIENTO,391.5
2025-07-08 00:00:00,DQO_REACTOR_BIO,568.7
2025-07-08 00:00:00,DQO_VERTIMIENTO,272.9
2025-07-09 00:00:00,DQO_REACTOR_BIO,609.4
2025-07-09 00:00:00,DQO_VERTIMIENTO,547.1
2025-07-13 00:00:00,DQO_REACTOR_BIO,603.2
2025-07-13 00:00:00,DQO_VERTIMIENTO,526.6
2025-07-14 00:00:00,DQO_REACTOR_BIO,400.0
2025-07-14 00:00:00,DQO_VERTIMIENTO,180.0
2025-07-17 00:00:00,DQO_REACTOR_BIO,640.8
2025-07-17 00:00:00,DQO_VERTIMIENTO,447.9
2025-07-19 00:00:00,DQO_REACTOR_BIO,435.8
2025-07-19 00:00:00,DQO_VERTIMIENTO,344.6
2025-07-20 00:00:00,DQO_REACTOR_BIO,740.4
2025-07-20 00:00:00,DQO_VERTIMIENTO,539.9
2025-07-24 00:00:00,DQO_REACTOR_BIO,746.2
2025-07-24 00:00:00,DQO_VERTIMIENTO,311.8
2025-07-25 00:00:00,DQO_REACTOR_BIO,581.8
2025-07-25 00:00:00,DQO_VERTIMIENTO,399.4
2025-07-26 00:00:00,DQO_REACTOR_BIO,403.9
2025-07-26 00:00:00,DQO_VERTIMIENTO,412.4
2025-07-27 00:00:00,DQO_REACTOR_BIO,550.4
2025-07-27 00:00:00,DQO_VERTIMIENTO,525.8
2025-07-28 00:00:00,DQO_REACTOR_BIO,774.7
2025-07-28 00:00:00,DQO_VERTIMIENTO,504.6
2025-07-30 00:00:00,DQO_REACTOR_BIO,635.5
2025-07-30 00:00:00,DQO_VERTIMIENTO,477.5
2025-07-31 00:00:00,DQO_REACTOR_BIO,634.0
2025-07-31 00:00:00,DQO_VERTIMIENTO,430.5
2025-08-03 00:00:00,DQO_REACTOR_BIO,983.0
2025-08-03 00:00:00,DQO_VERTIMIENTO,445.5
2025-08-05 00:00:00,DQO_REACTOR_BIO,580.8
2025-08-05 00:00:00,DQO_VERTIMIENTO,196.8
2025-08-07 00:00:00,DQO_REACTOR_BIO,602.0
2025-08-07 00:00:00,DQO_VERTIMIENTO,538.8
2025-08-08 00:00:00,DQO_REACTOR_BIO,457.3
2025-08-08 00:00:00,DQO_VERTIMIENTO,503.1
2025-08-10 00:00:00,DQO_REACTOR_BIO,861.1
2025-08-10 00:00:00,DQO_VERTIMIENTO,434.2
2025-08-13 00:00:00,DQO_REACTOR_BIO,721.4
2025-08-13 00:00:00,DQO_VERTIMIENTO,262.8
2025-08-14 00:00:00,DQO_REACTOR_BIO,601.2
2025-08-14 00:00:00,DQO_VERTIMIENTO,193.5
2025-08-16 00:00:00,DQO_REACTOR_BIO,711.6
2025-08-16 00:00:00,DQO_VERTIMIENTO,447.2
2025-08-17 00:00:00,DQO_REACTOR_BIO,556.9
2025-08-17 00:00:00,DQO_VERTIMIENTO,419.4
2025-08-19 00:00:00,DQO_REACTOR_BIO,691.6
2025-08-19 00:00:00,DQO_VERTIMIENTO,583.2
2025-08-20 00:00:00,DQO_REACTOR_BIO,431.0
2025-08-20 00:00:00,DQO_VERTIMIENTO,363.9
2025-08-22 00:00:00,DQO_REACTOR_BIO,786.1
2025-08-22 00:00:00,DQO_VERTIMIENTO,371.6
2025-08-23 00:00:00,DQO_REACTOR_BIO,697.0
2025-08-23 00:00:00,DQO_VERTIMIENTO,655.3
2025-08-25 00:00:00,DQO_REACTOR_BIO,635.7
2025-08-25 00:00:00,DQO_VERTIMIENTO,406.8
2025-08-28 00:00:00,DQO_REACTOR_BIO,763.0
2025-08-28 00:00:00,DQO_VERTIMIENTO,180.0
2025-08-29 00:00:00,DQO_REACTOR_BIO,862.1
2025-08-29 00:00:00,DQO_VERTIMIENTO,575.6
2025-08-30 00:00:00,DQO_REACTOR_BIO,713.6
2025-08-30 00:00:00,DQO_VERTIMIENTO,517.5
2025-09-01 00:00:00,DQO_REACTOR_BIO,916.6
2025-09-01 00:00:00,DQO_VERTIMIENTO,542.3
2025-09-02 00:00:00,DQO_REACTOR_BIO,770.2
2025-09-02 00:00:00,DQO_VERTIMIENTO,491.6
2025-09-04 00:00:00,DQO_REACTOR_BIO,598.7
2025-09-04 00:00:00,DQO_VERTIMIENTO,553.2
2025-09-05 00:00:00,DQO_REACTOR_BIO,743.8
2025-09-05 00:00:00,DQO_VERTIMIENTO,453.9
2025-09-08 00:00:00,DQO_REACTOR_BIO,629.8
2025-09-08 00:00:00,DQO_VERTIMIENTO,453.6
2025-09-09 00:00:00,DQO_REACTOR_BIO,873.7
2025-09-09 00:00:00,DQO_VERTIMIENTO,180.0
2025-09-10 00:00:00,DQO_REACTOR_BIO,585.3
2025-09-10 00:00:00,DQO_VERTIMIENTO,494.1
2025-09-14 00:00:00,DQO_REACTOR_BIO,634.5
2025-09-14 00:00:00,DQO_VERTIMIENTO,215.5
2025-09-15 00:00:00,DQO_REACTOR_BIO,496.2
2025-09-15 00:00:00,DQO_VERTIMIENTO,359.4
2025-09-16 00:00:00,DQO_REACTOR_BIO,923.4
2025-09-16 00:00:00,DQO_VERTIMIENTO,474.2
2025-09-19 00:00:00,DQO_REACTOR_BIO,519.8
2025-09-19 00:00:00,DQO_VERTIMIENTO,180.0
2025-09-20 00:00:00,DQO_REACTOR_BIO,554.2
2025-09-20 00:00:00,DQO_VERTIMIENTO,414.8
2025-09-22 00:00:00,DQO_REACTOR_BIO,739.8
2025-09-22 00:00:00,DQO_VERTIMIENTO,267.4
2025-09-23 00:00:00,DQO_REACTOR_BIO,566.2
2025-09-23 00:00:00,DQO_VERTIMIENTO,180.0
2025-09-24 00:00:00,DQO_REACTOR_BIO,408.7
2025-09-24 00:00:00,DQO_VERTIMIENTO,371.7
2025-09-27 00:00:00,DQO_REACTOR_BIO,752.3
2025-09-27 00:00:00,DQO_VERTIMIENTO,502.2
2025-09-29 00:00:00,DQO_REACTOR_BIO,518.2
2025-09-29 00:00:00,DQO_VERTIMIENTO,446.9
2025-10-03 00:00:00,DQO_REACTOR_BIO,735.3
2025-10-03 00:00:00,DQO_VERTIMIENTO,445.5
2025-10-04 00:00:00,DQO_REACTOR_BIO,400.0
2025-10-04 00:00:00,DQO_VERTIMIENTO,506.5
2025-10-05 00:00:00,DQO_REACTOR_BIO,504.1
2025-10-05 00:00:00,DQO_VERTIMIENTO,346.0
2025-10-06 00:00:00,DQO_REACTOR_BIO,670.8
2025-10-06 00:00:00,DQO_VERTIMIENTO,540.1
2025-10-07 00:00:00,DQO_REACTOR_BIO,1027.2
2025-10-07 00:00:00,DQO_VERTIMIENTO,303.9
2025-10-08 00:00:00,DQO_REACTOR_BIO,469.4
2025-10-08 00:00:00,DQO_VERTIMIENTO,477.1
2025-10-12 00:00:00,DQO_REACTOR_BIO,400.0
2025-10-12 00:00:00,DQO_VERTIMIENTO,265.7
2025-10-13 00:00:00,DQO_REACTOR_BIO,894.5
2025-10-13 00:00:00,DQO_VERTIMIENTO,248.5
2025-10-14 00:00:00,DQO_REACTOR_BIO,732.5
2025-10-14 00:00:00,DQO_VERTIMIENTO,388.5
2025-10-17 00:00:00,DQO_REACTOR_BIO,578.9
2025-10-17 00:00:00,DQO_VERTIMIENTO,479.1
2025-10-18 00:00:00,DQO_REACTOR_BIO,898.2
2025-10-18 00:00:00,DQO_VERTIMIENTO,508.3
2025-10-20 00:00:00,DQO_REACTOR_BIO,796.4
2025-10-20 00:00:00,DQO_VERTIMIENTO,272.4
2025-10-22 00:00:00,DQO_REACTOR_BIO,628.1
2025-10-22 00:00:00,DQO_VERTIMIENTO,638.1
2025-10-23 00:00:00,DQO_REACTOR_BIO,400.1
2025-10-23 00:00:00,DQO_VERTIMIENTO,595.5
2025-10-26 00:00:00,DQO_REACTOR_BIO,580.1
2025-10-26 00:00:00,DQO_VERTIMIENTO,220.8
2025-10-29 00:00:00,DQO_REACTOR_BIO,676.6
2025-10-29 00:00:00,DQO_VERTIMIENTO,520.3
2025-10-30 00:00:00,DQO_REACTOR_BIO,660.8
2025-10-30 00:00:00,DQO_VERTIMIENTO,409.7
2025-10-31 00:00:00,DQO_REACTOR_BIO,1035.4
2025-10-31 00:00:00,DQO_VERTIMIENTO,648.2
2025-11-02 00:00:00,DQO_REACTOR_BIO,722.7
2025-11-02 00:00:00,DQO_VERTIMIENTO,525.2
2025-11-03 00:00:00,DQO_REACTOR_BIO,760.6
2025-11-03 00:00:00,DQO_VERTIMIENTO,363.1
2025-11-04 00:00:00,DQO_REACTOR_BIO,766.6
2025-11-04 00:00:00,DQO_VERTIMIENTO,332.2
2025-11-06 00:00:00,DQO_REACTOR_BIO,503.4
2025-11-06 00:00:00,DQO_VERTIMIENTO,640.0
2025-11-08 00:00:00,DQO_REACTOR_BIO,956.9
2025-11-08 00:00:00,DQO_VERTIMIENTO,610.6
2025-11-10 00:00:00,DQO_REACTOR_BIO,686.3
2025-11-10 00:00:00,DQO_VERTIMIENTO,560.6
2025-11-13 00:00:00,DQO_REACTOR_BIO,833.2
2025-11-13 00:00:00,DQO_VERTIMIENTO,252.8
2025-11-15 00:00:00,DQO_REACTOR_BIO,735.9
2025-11-15 00:00:00,DQO_VERTIMIENTO,637.4
2025-11-16 00:00:00,DQO_REACTOR_BIO,567.3
2025-11-16 00:00:00,DQO_VERTIMIENTO,505.9
2025-11-17 00:00:00,DQO_REACTOR_BIO,889.4
2025-11-17 00:00:00,DQO_VERTIMIENTO,398.2
2025-11-18 00:00:00,DQO_REACTOR_BIO,733.0
2025-11-18 00:00:00,DQO_VERTIMIENTO,395.3
2025-11-20 00:00:00,DQO_REACTOR_BIO,649.6
2025-11-20 00:00:00,DQO_VERTIMIENTO,348.0
2025-11-23 00:00:00,DQO_REACTOR_BIO,902.8
2025-11-23 00:00:00,DQO_VERTIMIENTO,180.0
2025-11-24 00:00:00,DQO_REACTOR_BIO,450.1
2025-11-24 00:00:00,DQO_VERTIMIENTO,320.3
2025-11-28 00:00:00,DQO_REACTOR_BIO,709.9
2025-11-28 00:00:00,DQO_VERTIMIENTO,446.3
2025-11-29 00:00:00,DQO_REACTOR_BIO,565.5
2025-11-29 00:00:00,DQO_VERTIMIENTO,540.0
2025-11-30 00:00:00,DQO_REACTOR_BIO,712.1
2025-11-30 00:00:00,DQO_VERTIMIENTO,514.4
2025-12-02 00:00:00,DQO_REACTOR_BIO,599.3
2025-12-02 00:00:00,DQO_VERTIMIENTO,296.6
2025-12-05 00:00:00,DQO_REACTOR_BIO,534.4
2025-12-05 00:00:00,DQO_VERTIMIENTO,339.3
2025-12-06 00:00:00,DQO_REACTOR_BIO,400.0
2025-12-06 00:00:00,DQO_VERTIMIENTO,314.5
2025-12-07 00:00:00,DQO_REACTOR_BIO,1050.0
2025-12-07 00:00:00,DQO_VERTIMIENTO,523.5
2025-12-08 00:00:00,DQO_REACTOR_BIO,756.3
2025-12-08 00:00:00,DQO_VERTIMIENTO,448.6
2025-12-11 00:00:00,DQO_REACTOR_BIO,736.9
2025-12-11 00:00:00,DQO_VERTIMIENTO,681.4
2025-12-12 00:00:00,DQO_REACTOR_BIO,822.6
2025-12-12 00:00:00,DQO_VERTIMIENTO,416.2
2025-12-13 00:00:00,DQO_REACTOR_BIO,495.2
2025-12-13 00:00:00,DQO_VERTIMIENTO,510.9
2025-12-15 00:00:00,DQO_REACTOR_BIO,1003.1
2025-12-15 00:00:00,DQO_VERTIMIENTO,680.0
2025-12-17 00:00:00,DQO_REACTOR_BIO,804.3
2025-12-17 00:00:00,DQO_VERTIMIENTO,675.6
2025-12-20 00:00:00,DQO_REACTOR_BIO,668.2
2025-12-20 00:00:00,DQO_VERTIMIENTO,262.7
2025-12-21 00:00:00,DQO_REACTOR_BIO,714.2
2025-12-21 00:00:00,DQO_VERTIMIENTO,180.0
2025-12-23 00:00:00,DQO_REACTOR_BIO,654.1
2025-12-23 00:00:00,DQO_VERTIMIENTO,237.4
2025-12-24 00:00:00,DQO_REACTOR_BIO,476.0
2025-12-24 00:00:00,DQO_VERTIMIENTO,257.1
2025-12-25 00:00:00,DQO_REACTOR_BIO,857.8
2025-12-25 00:00:00,DQO_VERTIMIENTO,549.4
2025-12-28 00:00:00,DQO_REACTOR_BIO,616.8
2025-12-28 00:00:00,DQO_VERTIMIENTO,454.9
2025-12-30 00:00:00,DQO_REACTOR_BIO,624.2
2025-12-30 00:00:00,DQO_VERTIMIENTO,450.2
2025-12-31 00:00:00,DQO_REACTOR_BIO,712.2
2025-12-31 00:00:00,DQO_VERTIMIENTO,410.3
2026-01-02 00:00:00,DQO_REACTOR_BIO,792.0
2026-01-02 00:00:00,DQO_VERTIMIENTO,327.4
2026-01-03 00:00:00,DQO_REACTOR_BIO,628.7
2026-01-03 00:00:00,DQO_VERTIMIENTO,593.6
2026-01-05 00:00:00,DQO_REACTOR_BIO,625.7
2026-01-05 00:00:00,DQO_VERTIMIENTO,383.7
2026-01-06 00:00:00,DQO_REACTOR_BIO,806.0
2026-01-06 00:00:00,DQO_VERTIMIENTO,197.8
2026-01-08 00:00:00,DQO_REACTOR_BIO,565.8
2026-01-08 00:00:00,DQO_VERTIMIENTO,323.0
2026-01-10 00:00:00,DQO_REACTOR_BIO,501.3
2026-01-10 00:00:00,DQO_VERTIMIENTO,318.0
2026-01-12 00:00:00,DQO_REACTOR_BIO,494.0
2026-01-12 00:00:00,DQO_VERTIMIENTO,307.6
2026-01-15 00:00:00,DQO_REACTOR_BIO,882.0
2026-01-15 00:00:00,DQO_VERTIMIENTO,446.2
2026-01-16 00:00:00,DQO_REACTOR_BIO,550.8
2026-01-16 00:00:00,DQO_VERTIMIENTO,324.3
2026-01-17 00:00:00,DQO_REACTOR_BIO,825.1
2026-01-17 00:00:00,DQO_VERTIMIENTO,268.6
2026-01-20 00:00:00,DQO_REACTOR_BIO,400.0
2026-01-20 00:00:00,DQO_VERTIMIENTO,378.1
2026-01-23 00:00:00,DQO_REACTOR_BIO,836.3
2026-01-23 00:00:00,DQO_VERTIMIENTO,546.0
2026-01-24 00:00:00,DQO_REACTOR_BIO,920.1
2026-01-24 00:00:00,DQO_VERTIMIENTO,688.8
2026-01-25 00:00:00,DQO_REACTOR_BIO,871.8
2026-01-25 00:00:00,DQO_VERTIMIENTO,274.5
2026-01-26 00:00:00,DQO_REACTOR_BIO,836.5
2026-01-26 00:00:00,DQO_VERTIMIENTO,334.6
2026-01-29 00:00:00,DQO_REACTOR_BIO,861.8
2026-01-29 00:00:00,DQO_VERTIMIENTO,280.7
2026-01-30 00:00:00,DQO_REACTOR_BIO,568.5
2026-01-30 00:00:00,DQO_VERTIMIENTO,447.9
2026-01-31 00:00:00,DQO_REACTOR_BIO,568.4
2026-01-31 00:00:00,DQO_VERTIMIENTO,318.8
2026-02-02 00:00:00,DQO_REACTOR_BIO,854.0
2026-02-02 00:00:00,DQO_VERTIMIENTO,180.0
2026-02-04 00:00:00,DQO_REACTOR_BIO,534.4
2026-02-04 00:00:00,DQO_VERTIMIENTO,538.8
2026-02-05 00:00:00,DQO_REACTOR_BIO,892.0
2026-02-05 00:00:00,DQO_VERTIMIENTO,548.3
2026-02-06 00:00:00,DQO_REACTOR_BIO,769.2
2026-02-06 00:00:00,DQO_VERTIMIENTO,279.6
2026-02-09 00:00:00,DQO_REACTOR_BIO,508.8
2026-02-09 00:00:00,DQO_VERTIMIENTO,389.0
2026-02-10 00:00:00,DQO_REACTOR_BIO,718.8
2026-02-10 00:00:00,DQO_VERTIMIENTO,254.2
2026-02-12 00:00:00,DQO_REACTOR_BIO,484.9
2026-02-12 00:00:00,DQO_VERTIMIENTO,340.2
2026-02-15 00:00:00,DQO_REACTOR_BIO,656.2
2026-02-15 00:00:00,DQO_VERTIMIENTO,335.0
2026-02-16 00:00:00,DQO_REACTOR_BIO,802.1
2026-02-16 00:00:00,DQO_VERTIMIENTO,534.7
2026-02-17 00:00:00,DQO_REACTOR_BIO,765.1
2026-02-17 00:00:00,DQO_VERTIMIENTO,225.5
2026-02-19 00:00:00,DQO_REACTOR_BIO,641.2
2026-02-19 00:00:00,DQO_VERTIMIENTO,400.1
2026-02-21 00:00:00,DQO_REACTOR_BIO,538.9
2026-02-21 00:00:00,DQO_VERTIMIENTO,331.6
2026-02-25 00:00:00,DQO_REACTOR_BIO,526.8
2026-02-25 00:00:00,DQO_VERTIMIENTO,405.8
2026-02-26 00:00:00,DQO_REACTOR_BIO,469.7
2026-02-26 00:00:00,DQO_VERTIMIENTO,329.4
2026-02-28 00:00:00,DQO_REACTOR_BIO,974.5
2026-02-28 00:00:00,DQO_VERTIMIENTO,407.9
2026-03-01 00:00:00,DQO_REACTOR_BIO,651.8
2026-03-01 00:00:00,DQO_VERTIMIENTO,420.1
2026-03-02 00:00:00,DQO_REACTOR_BIO,813.9
2026-03-02 00:00:00,DQO_VERTIMIENTO,537.4
2026-03-03 00:00:00,DQO_REACTOR_BIO,819.1
2026-03-03 00:00:00,DQO_VERTIMIENTO,363.6
2026-03-04 00:00:00,DQO_REACTOR_BIO,918.7
2026-03-04 00:00:00,DQO_VERTIMIENTO,272.0
2026-03-05 00:00:00,DQO_REACTOR_BIO,659.0
2026-03-05 00:00:00,DQO_VERTIMIENTO,456.4
2026-03-09 00:00:00,DQO_REACTOR_BIO,817.9
2026-03-09 00:00:00,DQO_VERTIMIENTO,584.5
2026-03-10 00:00:00,DQO_REACTOR_BIO,441.8
2026-03-10 00:00:00,DQO_VERTIMIENTO,393.5
2026-03-12 00:00:00,DQO_REACTOR_BIO,537.0
2026-03-12 00:00:00,DQO_VERTIMIENTO,472.2
2026-03-15 00:00:00,DQO_REACTOR_BIO,887.1
2026-03-15 00:00:00,DQO_VERTIMIENTO,249.6
2026-03-16 00:00:00,DQO_REACTOR_BIO,740.5
2026-03-16 00:00:00,DQO_VERTIMIENTO,347.8
2026-03-18 00:00:00,DQO_REACTOR_BIO,792.1
2026-03-18 00:00:00,DQO_VERTIMIENTO,410.1
2026-03-19 00:00:00,DQO_REACTOR_BIO,831.2
2026-03-19 00:00:00,DQO_VERTIMIENTO,578.7
2026-03-21 00:00:00,DQO_REACTOR_BIO,673.6
2026-03-21 00:00:00,DQO_VERTIMIENTO,439.0
2026-03-23 00:00:00,DQO_REACTOR_BIO,777.6
2026-03-23 00:00:00,DQO_VERTIMIENTO,443.0
2026-03-25 00:00:00,DQO_REACTOR_BIO,682.2
2026-03-25 00:00:00,DQO_VERTIMIENTO,507.7
2026-03-27 00:00:00,DQO_REACTOR_BIO,430.4
2026-03-27 00:00:00,DQO_VERTIMIENTO,359.2
2026-03-29 00:00:00,DQO_REACTOR_BIO,662.6
2026-03-29 00:00:00,DQO_VERTIMIENTO,391.8
2026-04-02 00:00:00,DQO_REACTOR_BIO,692.6
2026-04-02 00:00:00,DQO_VERTIMIENTO,391.3
2026-04-03 00:00:00,DQO_REACTOR_BIO,823.8
2026-04-03 00:00:00,DQO_VERTIMIENTO,324.1
2026-04-04 00:00:00,DQO_REACTOR_BIO,726.4
2026-04-04 00:00:00,DQO_VERTIMIENTO,473.3
2026-04-05 00:00:00,DQO_REACTOR_BIO,711.3
2026-04-05 00:00:00,DQO_VERTIMIENTO,274.0
2026-04-06 00:00:00,DQO_REACTOR_BIO,786.2
2026-04-06 00:00:00,DQO_VERTIMIENTO,265.9
2026-04-07 00:00:00,DQO_REACTOR_BIO,630.0
2026-04-07 00:00:00,DQO_VERTIMIENTO,238.5
2026-04-08 00:00:00,DQO_REACTOR_BIO,871.4
2026-04-08 00:00:00,DQO_VERTIMIENTO,532.1
2026-04-10 00:00:00,DQO_REACTOR_BIO,1015.0
2026-04-10 00:00:00,DQO_VERTIMIENTO,465.8
2026-04-14 00:00:00,DQO_REACTOR_BIO,795.4
2026-04-14 00:00:00,DQO_VERTIMIENTO,472.0
2026-04-16 00:00:00,DQO_REACTOR_BIO,715.1
2026-04-16 00:00:00,DQO_VERTIMIENTO,583.5
2026-04-17 00:00:00,DQO_REACTOR_BIO,920.6
2026-04-17 00:00:00,DQO_VERTIMIENTO,630.5
2026-04-18 00:00:00,DQO_REACTOR_BIO,824.7
2026-04-18 00:00:00,DQO_VERTIMIENTO,180.0
2026-04-20 00:00:00,DQO_REACTOR_BIO,533.6
2026-04-20 00:00:00,DQO_VERTIMIENTO,245.9
2026-04-22 00:00:00,DQO_REACTOR_BIO,819.1
2026-04-22 00:00:00,DQO_VERTIMIENTO,465.5
2026-04-23 00:00:00,DQO_REACTOR_BIO,727.3
2026-04-23 00:00:00,DQO_VERTIMIENTO,500.4
2026-04-26 00:00:00,DQO_REACTOR_BIO,738.7
2026-04-26 00:00:00,DQO_VERTIMIENTO,395.4
2026-04-27 00:00:00,DQO_REACTOR_BIO,956.2
2026-04-27 00:00:00,DQO_VERTIMIENTO,587.7
2026-04-28 00:00:00,DQO_REACTOR_BIO,675.1
2026-04-28 00:00:00,DQO_VERTIMIENTO,180.0
2026-04-29 00:00:00,DQO_REACTOR_BIO,468.8
2026-04-29 00:00:00,DQO_VERTIMIENTO,214.1
2026-04-30 00:00:00,DQO_REACTOR_BIO,639.5
2026-04-30 00:00:00,DQO_VERTIMIENTO,273.7
